5.000000E-002,5.000000E-002,5.000000E-002,5.000000E-002,5.000000E-002,5.000000E-002,5.000000E-002,5.000000E-002,5.000000E-002,5.000000E-002,5.000000E-002,5.000000E-002,5.000000E-002,5.000000E-002,5.000000E-002,5.000000E-002,5.000000E-002,5.000000E-002,5.000000E-002,5.000000E-002,5.000000E-002,5.000000E-002,5.000000E-002,5.000000E-002,5.000000E-002,4.999999E-002,4.999996E-002,4.999987E-002,4.999961E-002,4.999881E-002,4.999622E-002,4.998774E-002,4.996074E-002,4.988093E-002,4.966709E-002,4.915488E-002,4.806694E-002,4.603075E-002,4.269599E-002,3.796474E-002,3.224863E-002,2.656765E-002,2.231952E-002,2.073895E-002,2.232056E-002,2.656999E-002,3.225263E-002,3.797068E-002,4.270385E-002,4.604003E-002,4.807676E-002,4.916416E-002,4.967495E-002,4.988688E-002,4.996477E-002,4.999018E-002,4.999755E-002,4.999945E-002,4.999989E-002,4.999998E-002,5.000000E-002,5.000000E-002,5.000000E-002,5.000000E-002,5.000000E-002,5.000000E-002,5.000000E-002,5.000000E-002,5.000000E-002,5.000000E-002,5.000000E-002,5.000000E-002,5.000000E-002,5.000000E-002,5.000000E-002,5.000000E-002,5.000000E-002,5.000000E-002,5.000000E-002,5.000000E-002,5.000000E-002,5.000000E-002,5.000000E-002,5.000000E-002,5.000000E-002,5.000000E-002,5.000000E-002,5.000000E-002,5.000000E-002,5.000000E-002,5.000000E-002,5.000000E-002,5.000000E-002,5.000000E-002,5.000000E-002,5.000000E-002,5.000000E-002,5.000000E-002,5.000000E-002,5.000000E-002,5.000000E-002,5.000000E-002,5.000000E-002,5.000000E-002,5.000000E-002,5.000000E-002,5.000000E-002,5.000000E-002,5.000000E-002,5.000000E-002,5.000000E-002,5.000000E-002,5.000000E-002,5.000000E-002,5.000000E-002,5.000000E-002,5.000000E-002,5.000000E-002,5.000000E-002,5.000000E-002,5.000000E-002,5.000000E-002,5.000000E-002,5.000000E-002,5.000000E-002,5.000000E-002,5.000000E-002,5.000000E-002
5.000000E-002,5.000000E-002,5.000000E-002,5.000000E-002,5.000000E-002,5.000000E-002,5.000000E-002,5.000000E-002,5.000000E-002,5.000000E-002,5.000000E-002,5.000000E-002,5.000000E-002,5.000000E-002,5.000000E-002,5.000000E-002,5.000000E-002,5.000000E-002,5.000000E-002,5.000000E-002,5.000000E-002,5.000000E-002,5.000000E-002,5.000000E-002,4.999999E-002,4.999996E-002,4.999986E-002,4.999959E-002,4.999889E-002,4.999717E-002,4.999292E-002,4.998193E-002,4.995220E-002,4.987163E-002,4.966431E-002,4.917601E-002,4.814546E-002,4.622071E-002,4.306994E-002,3.859939E-002,3.319726E-002,2.782748E-002,2.381187E-002,2.231853E-002,2.381563E-002,2.783587E-002,3.321161E-002,3.862072E-002,4.309813E-002,4.625403E-002,4.818069E-002,4.920933E-002,4.969251E-002,4.989299E-002,4.996668E-002,4.999071E-002,4.999768E-002,4.999948E-002,4.999990E-002,4.999998E-002,5.000000E-002,5.000000E-002,5.000000E-002,5.000000E-002,5.000000E-002,5.000000E-002,5.000000E-002,5.000000E-002,5.000000E-002,5.000000E-002,5.000000E-002,5.000000E-002,5.000000E-002,5.000000E-002,5.000000E-002,5.000000E-002,5.000000E-002,5.000000E-002,5.000000E-002,5.000000E-002,5.000000E-002,5.000000E-002,5.000000E-002,5.000000E-002,5.000000E-002,5.000000E-002,5.000000E-002,5.000000E-002,5.000000E-002,5.000000E-002,5.000000E-002,5.000000E-002,5.000000E-002,5.000000E-002,5.000000E-002,5.000000E-002,5.000000E-002,5.000000E-002,5.000000E-002,5.000000E-002,5.000000E-002,5.000000E-002,5.000000E-002,5.000000E-002,5.000000E-002,5.000000E-002,5.000000E-002,5.000000E-002,5.000000E-002,5.000000E-002,5.000000E-002,5.000000E-002,5.000000E-002,5.000000E-002,5.000000E-002,5.000000E-002,5.000000E-002,5.000000E-002,5.000000E-002,5.000000E-002,5.000000E-002,5.000000E-002,5.000000E-002,5.000000E-002,5.000000E-002,5.000000E-002,5.000000E-002,5.000000E-002
5.000000E-002,5.000000E-002,5.000000E-002,5.000000E-002,5.000000E-002,5.000000E-002,5.000000E-002,5.000000E-002,5.000000E-002,5.000000E-002,5.000000E-002,5.000000E-002,5.000000E-002,5.000000E-002,5.000000E-002,5.000000E-002,5.000000E-002,5.000000E-002,5.000000E-002,5.000000E-002,5.000000E-002,5.000000E-002,5.000000E-002,4.999999E-002,4.999996E-002,4.999986E-002,4.999956E-002,4.999873E-002,4.999668E-002,4.999213E-002,4.998273E-002,4.996393E-002,4.992529E-002,4.984081E-002,4.964914E-002,4.922371E-002,4.834687E-002,4.672210E-002,4.406712E-002,4.029907E-002,3.574254E-002,3.121060E-002,2.782096E-002,2.656267E-002,2.783303E-002,3.123755E-002,3.578861E-002,4.036754E-002,4.415766E-002,4.682910E-002,4.845999E-002,4.933071E-002,4.973972E-002,4.990942E-002,4.997179E-002,4.999214E-002,4.999804E-002,4.999956E-002,4.999991E-002,4.999998E-002,5.000000E-002,5.000000E-002,5.000000E-002,5.000000E-002,5.000000E-002,5.000000E-002,5.000000E-002,5.000000E-002,5.000000E-002,5.000000E-002,5.000000E-002,5.000000E-002,5.000000E-002,5.000000E-002,5.000000E-002,5.000000E-002,5.000000E-002,5.000000E-002,5.000000E-002,5.000000E-002,5.000000E-002,5.000000E-002,5.000000E-002,5.000000E-002,5.000000E-002,5.000000E-002,5.000000E-002,5.000000E-002,5.000000E-002,5.000000E-002,5.000000E-002,5.000000E-002,5.000000E-002,5.000000E-002,5.000000E-002,5.000000E-002,5.000000E-002,5.000000E-002,5.000000E-002,5.000000E-002,5.000000E-002,5.000000E-002,5.000000E-002,5.000000E-002,5.000000E-002,5.000000E-002,5.000000E-002,5.000000E-002,5.000000E-002,5.000000E-002,5.000000E-002,5.000000E-002,5.000000E-002,5.000000E-002,5.000000E-002,5.000000E-002,5.000000E-002,5.000000E-002,5.000000E-002,5.000000E-002,5.000000E-002,5.000000E-002,5.000000E-002,5.000000E-002,5.000000E-002,5.000000E-002,5.000000E-002,5.000000E-002
5.000000E-002,5.000000E-002,5.000000E-002,5.000000E-002,5.000000E-002,5.000000E-002,5.000000E-002,5.000000E-002,5.000000E-002,5.000000E-002,5.000000E-002,5.000000E-002,5.000000E-002,5.000000E-002,5.000000E-002,5.000000E-002,5.000000E-002,5.000000E-002,5.000000E-002,5.000000E-002,5.000000E-002,5.000000E-002,4.999999E-002,4.999997E-002,4.999989E-002,4.999961E-002,4.999874E-002,4.999638E-002,4.999065E-002,4.997830E-002,4.995452E-002,4.991299E-002,4.984500E-002,4.973424E-002,4.954256E-002,4.918555E-002,4.850844E-002,4.729067E-002,4.531438E-002,4.250670E-002,3.910207E-002,3.570799E-002,3.316775E-002,3.223130E-002,3.320246E-002,3.578544E-002,3.923444E-002,4.270346E-002,4.557455E-002,4.759813E-002,4.883349E-002,4.949304E-002,4.980284E-002,4.993139E-002,4.997863E-002,4.999405E-002,4.999852E-002,4.999967E-002,4.999993E-002,4.999999E-002,5.000000E-002,5.000000E-002,5.000000E-002,5.000000E-002,5.000000E-002,5.000000E-002,5.000000E-002,5.000000E-002,5.000000E-002,5.000000E-002,5.000000E-002,5.000000E-002,5.000000E-002,5.000000E-002,5.000000E-002,5.000000E-002,5.000000E-002,5.000000E-002,5.000000E-002,5.000000E-002,5.000000E-002,5.000000E-002,5.000000E-002,5.000000E-002,5.000000E-002,5.000000E-002,5.000000E-002,5.000000E-002,5.000000E-002,5.000000E-002,5.000000E-002,5.000000E-002,5.000000E-002,5.000000E-002,5.000000E-002,5.000000E-002,5.000000E-002,5.000000E-002,5.000000E-002,5.000000E-002,5.000000E-002,5.000000E-002,5.000000E-002,5.000000E-002,5.000000E-002,5.000000E-002,5.000000E-002,5.000000E-002,5.000000E-002,5.000000E-002,5.000000E-002,5.000000E-002,5.000000E-002,5.000000E-002,5.000000E-002,5.000000E-002,5.000000E-002,5.000000E-002,5.000000E-002,5.000000E-002,5.000000E-002,5.000000E-002,5.000000E-002,5.000000E-002,5.000000E-002,5.000000E-002,5.000000E-002,5.000000E-002
5.000000E-002,5.000000E-002,5.000000E-002,5.000000E-002,5.000000E-002,5.000000E-002,5.000000E-002,5.000000E-002,5.000000E-002,5.000000E-002,5.000000E-002,5.000000E-002,5.000000E-002,5.000000E-002,5.000000E-002,5.000000E-002,5.000000E-002,5.000000E-002,5.000000E-002,5.000000E-002,5.000000E-002,5.000000E-002,4.999998E-002,4.999993E-002,4.999972E-002,4.999899E-002,4.999677E-002,4.999071E-002,4.997608E-002,4.994484E-002,4.988588E-002,4.978755E-002,4.964190E-002,4.944653E-002,4.919708E-002,4.886571E-002,4.837349E-002,4.758134E-002,4.633118E-002,4.454764E-002,4.236023E-002,4.015926E-002,3.850764E-002,3.791575E-002,3.859688E-002,4.035840E-002,4.270062E-002,4.505360E-002,4.700018E-002,4.837194E-002,4.920932E-002,4.965637E-002,4.986637E-002,4.995350E-002,4.998552E-002,4.999596E-002,4.999899E-002,4.999978E-002,4.999996E-002,4.999999E-002,5.000000E-002,5.000000E-002,5.000000E-002,5.000000E-002,5.000000E-002,5.000000E-002,5.000000E-002,5.000000E-002,5.000000E-002,5.000000E-002,5.000000E-002,5.000000E-002,5.000000E-002,5.000000E-002,5.000000E-002,5.000000E-002,5.000000E-002,5.000000E-002,5.000000E-002,5.000000E-002,5.000000E-002,5.000000E-002,5.000000E-002,5.000000E-002,5.000000E-002,5.000000E-002,5.000000E-002,5.000000E-002,5.000000E-002,5.000000E-002,5.000000E-002,5.000000E-002,5.000000E-002,5.000000E-002,5.000000E-002,5.000000E-002,5.000000E-002,5.000000E-002,5.000000E-002,5.000000E-002,5.000000E-002,5.000000E-002,5.000000E-002,5.000000E-002,5.000000E-002,5.000000E-002,5.000000E-002,5.000000E-002,5.000000E-002,5.000000E-002,5.000000E-002,5.000000E-002,5.000000E-002,5.000000E-002,5.000000E-002,5.000000E-002,5.000000E-002,5.000000E-002,5.000000E-002,5.000000E-002,5.000000E-002,5.000000E-002,5.000000E-002,5.000000E-002,5.000000E-002,5.000000E-002,5.000000E-002,5.000000E-002
5.000000E-002,5.000000E-002,5.000000E-002,5.000000E-002,5.000000E-002,5.000000E-002,5.000000E-002,5.000000E-002,5.000000E-002,5.000000E-002,5.000000E-002,5.000000E-002,5.000000E-002,5.000000E-002,5.000000E-002,5.000000E-002,5.000000E-002,5.000000E-002,5.000000E-002,5.000000E-002,5.000000E-002,4.999999E-002,4.999996E-002,4.999984E-002,4.999935E-002,4.999768E-002,4.999256E-002,4.997863E-002,4.994503E-002,4.987345E-002,4.973911E-002,4.951799E-002,4.920055E-002,4.880529E-002,4.837893E-002,4.797227E-002,4.759719E-002,4.719326E-002,4.664068E-002,4.583396E-002,4.478399E-002,4.367814E-002,4.283786E-002,4.257744E-002,4.304320E-002,4.413634E-002,4.556723E-002,4.699815E-002,4.818004E-002,4.901241E-002,4.952040E-002,4.979157E-002,4.991895E-002,4.997179E-002,4.999122E-002,4.999755E-002,4.999939E-002,4.999986E-002,4.999997E-002,5.000000E-002,5.000000E-002,5.000000E-002,5.000000E-002,5.000000E-002,5.000000E-002,5.000000E-002,5.000000E-002,5.000000E-002,5.000000E-002,5.000000E-002,5.000000E-002,5.000000E-002,5.000000E-002,5.000000E-002,5.000000E-002,5.000000E-002,5.000000E-002,5.000000E-002,5.000000E-002,5.000000E-002,5.000000E-002,5.000000E-002,5.000000E-002,5.000000E-002,5.000000E-002,5.000000E-002,5.000000E-002,5.000000E-002,5.000000E-002,5.000000E-002,5.000000E-002,5.000000E-002,5.000000E-002,5.000000E-002,5.000000E-002,5.000000E-002,5.000000E-002,5.000000E-002,5.000000E-002,5.000000E-002,5.000000E-002,5.000000E-002,5.000000E-002,5.000000E-002,5.000000E-002,5.000000E-002,5.000000E-002,5.000000E-002,5.000000E-002,5.000000E-002,5.000000E-002,5.000000E-002,5.000000E-002,5.000000E-002,5.000000E-002,5.000000E-002,5.000000E-002,5.000000E-002,5.000000E-002,5.000000E-002,5.000000E-002,5.000000E-002,5.000000E-002,5.000000E-002,5.000000E-002,5.000000E-002,5.000000E-002,5.000000E-002
5.000000E-002,5.000000E-002,5.000000E-002,5.000000E-002,5.000000E-002,5.000000E-002,5.000000E-002,5.000000E-002,5.000000E-002,5.000000E-002,5.000000E-002,5.000000E-002,5.000000E-002,5.000000E-002,5.000000E-002,5.000000E-002,5.000000E-002,5.000000E-002,5.000000E-002,5.000000E-002,5.000000E-002,4.999999E-002,4.999993E-002,4.999967E-002,4.999867E-002,4.999523E-002,4.998469E-002,4.995601E-002,4.988687E-002,4.973964E-002,4.946375E-002,4.901125E-002,4.836724E-002,4.758285E-002,4.678512E-002,4.614092E-002,4.577975E-002,4.571811E-002,4.584168E-002,4.597017E-002,4.597017E-002,4.584168E-002,4.571811E-002,4.577975E-002,4.614092E-002,4.678512E-002,4.758285E-002,4.836724E-002,4.901125E-002,4.946375E-002,4.973964E-002,4.988687E-002,4.995601E-002,4.998469E-002,4.999523E-002,4.999867E-002,4.999967E-002,4.999993E-002,4.999999E-002,5.000000E-002,5.000000E-002,5.000000E-002,5.000000E-002,5.000000E-002,5.000000E-002,5.000000E-002,5.000000E-002,5.000000E-002,5.000000E-002,5.000000E-002,5.000000E-002,5.000000E-002,5.000000E-002,5.000000E-002,5.000000E-002,5.000000E-002,5.000000E-002,5.000000E-002,5.000000E-002,5.000000E-002,5.000000E-002,5.000000E-002,5.000000E-002,5.000000E-002,5.000000E-002,5.000000E-002,5.000000E-002,5.000000E-002,5.000000E-002,5.000000E-002,5.000000E-002,5.000000E-002,5.000000E-002,5.000000E-002,5.000000E-002,5.000000E-002,5.000000E-002,5.000000E-002,5.000000E-002,5.000000E-002,5.000000E-002,5.000000E-002,5.000000E-002,5.000000E-002,5.000000E-002,5.000000E-002,5.000000E-002,5.000000E-002,5.000000E-002,5.000000E-002,5.000000E-002,5.000000E-002,5.000000E-002,5.000000E-002,5.000000E-002,5.000000E-002,5.000000E-002,5.000000E-002,5.000000E-002,5.000000E-002,5.000000E-002,5.000000E-002,5.000000E-002,5.000000E-002,5.000000E-002,5.000000E-002,5.000000E-002,5.000000E-002
5.000000E-002,5.000000E-002,5.000000E-002,5.000000E-002,5.000000E-002,5.000000E-002,5.000000E-002,5.000000E-002,5.000000E-002,5.000000E-002,5.000000E-002,5.000000E-002,5.000000E-002,5.000000E-002,5.000000E-002,5.000000E-002,5.000000E-002,5.000000E-002,5.000000E-002,5.000000E-002,5.000000E-002,4.999997E-002,4.999986E-002,4.999939E-002,4.999755E-002,4.999122E-002,4.997179E-002,4.991895E-002,4.979157E-002,4.952040E-002,4.901241E-002,4.818004E-002,4.699815E-002,4.556723E-002,4.413634E-002,4.304320E-002,4.257744E-002,4.283786E-002,4.367814E-002,4.478399E-002,4.583396E-002,4.664068E-002,4.719326E-002,4.759719E-002,4.797227E-002,4.837893E-002,4.880529E-002,4.920055E-002,4.951799E-002,4.973911E-002,4.987345E-002,4.994503E-002,4.997863E-002,4.999256E-002,4.999768E-002,4.999935E-002,4.999984E-002,4.999996E-002,4.999999E-002,5.000000E-002,5.000000E-002,5.000000E-002,5.000000E-002,5.000000E-002,5.000000E-002,5.000000E-002,5.000000E-002,5.000000E-002,5.000000E-002,5.000000E-002,5.000000E-002,5.000000E-002,5.000000E-002,5.000000E-002,5.000000E-002,5.000000E-002,5.000000E-002,5.000000E-002,5.000000E-002,5.000000E-002,5.000000E-002,5.000000E-002,5.000000E-002,5.000000E-002,5.000000E-002,5.000000E-002,5.000000E-002,5.000000E-002,5.000000E-002,5.000000E-002,5.000000E-002,5.000000E-002,5.000000E-002,5.000000E-002,5.000000E-002,5.000000E-002,5.000000E-002,5.000000E-002,5.000000E-002,5.000000E-002,5.000000E-002,5.000000E-002,5.000000E-002,5.000000E-002,5.000000E-002,5.000000E-002,5.000000E-002,5.000000E-002,5.000000E-002,5.000000E-002,5.000000E-002,5.000000E-002,5.000000E-002,5.000000E-002,5.000000E-002,5.000000E-002,5.000000E-002,5.000000E-002,5.000000E-002,5.000000E-002,5.000000E-002,5.000000E-002,5.000000E-002,5.000000E-002,5.000000E-002,5.000000E-002,5.000000E-002,5.000000E-002
5.000000E-002,5.000000E-002,5.000000E-002,5.000000E-002,5.000000E-002,5.000000E-002,5.000000E-002,5.000000E-002,5.000000E-002,5.000000E-002,5.000000E-002,5.000000E-002,5.000000E-002,5.000000E-002,5.000000E-002,5.000000E-002,5.000000E-002,5.000000E-002,5.000000E-002,5.000000E-002,4.999999E-002,4.999996E-002,4.999978E-002,4.999899E-002,4.999596E-002,4.998552E-002,4.995350E-002,4.986637E-002,4.965637E-002,4.920932E-002,4.837194E-002,4.700018E-002,4.505360E-002,4.270062E-002,4.035840E-002,3.859688E-002,3.791575E-002,3.850764E-002,4.015926E-002,4.236023E-002,4.454764E-002,4.633118E-002,4.758134E-002,4.837349E-002,4.886571E-002,4.919708E-002,4.944653E-002,4.964190E-002,4.978755E-002,4.988588E-002,4.994484E-002,4.997608E-002,4.999071E-002,4.999677E-002,4.999899E-002,4.999972E-002,4.999993E-002,4.999998E-002,5.000000E-002,5.000000E-002,5.000000E-002,5.000000E-002,5.000000E-002,5.000000E-002,5.000000E-002,5.000000E-002,5.000000E-002,5.000000E-002,5.000000E-002,5.000000E-002,5.000000E-002,5.000000E-002,5.000000E-002,5.000000E-002,5.000000E-002,5.000000E-002,5.000000E-002,5.000000E-002,5.000000E-002,5.000000E-002,5.000000E-002,5.000000E-002,5.000000E-002,5.000000E-002,5.000000E-002,5.000000E-002,5.000000E-002,5.000000E-002,5.000000E-002,5.000000E-002,5.000000E-002,5.000000E-002,5.000000E-002,5.000000E-002,5.000000E-002,5.000000E-002,5.000000E-002,5.000000E-002,5.000000E-002,5.000000E-002,5.000000E-002,5.000000E-002,5.000000E-002,5.000000E-002,5.000000E-002,5.000000E-002,5.000000E-002,5.000000E-002,5.000000E-002,5.000000E-002,5.000000E-002,5.000000E-002,5.000000E-002,5.000000E-002,5.000000E-002,5.000000E-002,5.000000E-002,5.000000E-002,5.000000E-002,5.000000E-002,5.000000E-002,5.000000E-002,5.000000E-002,5.000000E-002,5.000000E-002,5.000000E-002,5.000000E-002,5.000000E-002
5.000000E-002,5.000000E-002,5.000000E-002,5.000000E-002,5.000000E-002,5.000000E-002,5.000000E-002,5.000000E-002,5.000000E-002,5.000000E-002,5.000000E-002,5.000000E-002,5.000000E-002,5.000000E-002,5.000000E-002,5.000000E-002,5.000000E-002,5.000000E-002,5.000000E-002,5.000000E-002,4.999999E-002,4.999993E-002,4.999967E-002,4.999852E-002,4.999405E-002,4.997863E-002,4.993139E-002,4.980284E-002,4.949304E-002,4.883349E-002,4.759813E-002,4.557455E-002,4.270346E-002,3.923444E-002,3.578544E-002,3.320246E-002,3.223130E-002,3.316775E-002,3.570799E-002,3.910207E-002,4.250670E-002,4.531438E-002,4.729067E-002,4.850844E-002,4.918555E-002,4.954256E-002,4.973424E-002,4.984500E-002,4.991299E-002,4.995452E-002,4.997830E-002,4.999065E-002,4.999638E-002,4.999874E-002,4.999961E-002,4.999989E-002,4.999997E-002,4.999999E-002,5.000000E-002,5.000000E-002,5.000000E-002,5.000000E-002,5.000000E-002,5.000000E-002,5.000000E-002,5.000000E-002,5.000000E-002,5.000000E-002,5.000000E-002,5.000000E-002,5.000000E-002,5.000000E-002,5.000000E-002,5.000000E-002,5.000000E-002,5.000000E-002,5.000000E-002,5.000000E-002,5.000000E-002,5.000000E-002,5.000000E-002,5.000000E-002,5.000000E-002,5.000000E-002,5.000000E-002,5.000000E-002,5.000000E-002,5.000000E-002,5.000000E-002,5.000000E-002,5.000000E-002,5.000000E-002,5.000000E-002,5.000000E-002,5.000000E-002,5.000000E-002,5.000000E-002,5.000000E-002,5.000000E-002,5.000000E-002,5.000000E-002,5.000000E-002,5.000000E-002,5.000000E-002,5.000000E-002,5.000000E-002,5.000000E-002,5.000000E-002,5.000000E-002,5.000000E-002,5.000000E-002,5.000000E-002,5.000000E-002,5.000000E-002,5.000000E-002,5.000000E-002,5.000000E-002,5.000000E-002,5.000000E-002,5.000000E-002,5.000000E-002,5.000000E-002,5.000000E-002,5.000000E-002,5.000000E-002,5.000000E-002,5.000000E-002,5.000000E-002
5.000000E-002,5.000000E-002,5.000000E-002,5.000000E-002,5.000000E-002,5.000000E-002,5.000000E-002,5.000000E-002,5.000000E-002,5.000000E-002,5.000000E-002,5.000000E-002,5.000000E-002,5.000000E-002,5.000000E-002,5.000000E-002,5.000000E-002,5.000000E-002,5.000000E-002,5.000000E-002,4.999998E-002,4.999991E-002,4.999956E-002,4.999804E-002,4.999214E-002,4.997179E-002,4.990942E-002,4.973972E-002,4.933071E-002,4.845999E-002,4.682910E-002,4.415766E-002,4.036754E-002,3.578861E-002,3.123755E-002,2.783303E-002,2.656267E-002,2.782096E-002,3.121060E-002,3.574254E-002,4.029907E-002,4.406712E-002,4.672210E-002,4.834687E-002,4.922371E-002,4.964914E-002,4.984081E-002,4.992529E-002,4.996393E-002,4.998273E-002,4.999213E-002,4.999668E-002,4.999873E-002,4.999956E-002,4.999986E-002,4.999996E-002,4.999999E-002,5.000000E-002,5.000000E-002,5.000000E-002,5.000000E-002,5.000000E-002,5.000000E-002,5.000000E-002,5.000000E-002,5.000000E-002,5.000000E-002,5.000000E-002,5.000000E-002,5.000000E-002,5.000000E-002,5.000000E-002,5.000000E-002,5.000000E-002,5.000000E-002,5.000000E-002,5.000000E-002,5.000000E-002,5.000000E-002,5.000000E-002,5.000000E-002,5.000000E-002,5.000000E-002,5.000000E-002,5.000000E-002,5.000000E-002,5.000000E-002,5.000000E-002,5.000000E-002,5.000000E-002,5.000000E-002,5.000000E-002,5.000000E-002,5.000000E-002,5.000000E-002,5.000000E-002,5.000000E-002,5.000000E-002,5.000000E-002,5.000000E-002,5.000000E-002,5.000000E-002,5.000000E-002,5.000000E-002,5.000000E-002,5.000000E-002,5.000000E-002,5.000000E-002,5.000000E-002,5.000000E-002,5.000000E-002,5.000000E-002,5.000000E-002,5.000000E-002,5.000000E-002,5.000000E-002,5.000000E-002,5.000000E-002,5.000000E-002,5.000000E-002,5.000000E-002,5.000000E-002,5.000000E-002,5.000000E-002,5.000000E-002,5.000000E-002,5.000000E-002,5.000000E-002
5.000000E-002,5.000000E-002,5.000000E-002,5.000000E-002,5.000000E-002,5.000000E-002,5.000000E-002,5.000000E-002,5.000000E-002,5.000000E-002,5.000000E-002,5.000000E-002,5.000000E-002,5.000000E-002,5.000000E-002,5.000000E-002,5.000000E-002,5.000000E-002,5.000000E-002,5.000000E-002,4.999998E-002,4.999990E-002,4.999948E-002,4.999768E-002,4.999071E-002,4.996668E-002,4.989299E-002,4.969251E-002,4.920933E-002,4.818069E-002,4.625403E-002,4.309813E-002,3.862072E-002,3.321161E-002,2.783587E-002,2.381563E-002,2.231853E-002,2.381187E-002,2.782748E-002,3.319726E-002,3.859939E-002,4.306994E-002,4.622071E-002,4.814546E-002,4.917601E-002,4.966431E-002,4.987163E-002,4.995220E-002,4.998193E-002,4.999292E-002,4.999717E-002,4.999889E-002,4.999959E-002,4.999986E-002,4.999996E-002,4.999999E-002,5.000000E-002,5.000000E-002,5.000000E-002,5.000000E-002,5.000000E-002,5.000000E-002,5.000000E-002,5.000000E-002,5.000000E-002,5.000000E-002,5.000000E-002,5.000000E-002,5.000000E-002,5.000000E-002,5.000000E-002,5.000000E-002,5.000000E-002,5.000000E-002,5.000000E-002,5.000000E-002,5.000000E-002,5.000000E-002,5.000000E-002,5.000000E-002,5.000000E-002,5.000000E-002,5.000000E-002,5.000000E-002,5.000000E-002,5.000000E-002,5.000000E-002,5.000000E-002,5.000000E-002,5.000000E-002,5.000000E-002,5.000000E-002,5.000000E-002,5.000000E-002,5.000000E-002,5.000000E-002,5.000000E-002,5.000000E-002,5.000000E-002,5.000000E-002,5.000000E-002,5.000000E-002,5.000000E-002,5.000000E-002,5.000000E-002,5.000000E-002,5.000000E-002,5.000000E-002,5.000000E-002,5.000000E-002,5.000000E-002,5.000000E-002,5.000000E-002,5.000000E-002,5.000000E-002,5.000000E-002,5.000000E-002,5.000000E-002,5.000000E-002,5.000000E-002,5.000000E-002,5.000000E-002,5.000000E-002,5.000000E-002,5.000000E-002,5.000000E-002,5.000000E-002,5.000000E-002
5.000000E-002,5.000000E-002,5.000000E-002,5.000000E-002,5.000000E-002,5.000000E-002,5.000000E-002,5.000000E-002,5.000000E-002,5.000000E-002,5.000000E-002,5.000000E-002,5.000000E-002,5.000000E-002,5.000000E-002,5.000000E-002,5.000000E-002,5.000000E-002,5.000000E-002,5.000000E-002,4.999998E-002,4.999989E-002,4.999945E-002,4.999755E-002,4.999018E-002,4.996477E-002,4.988688E-002,4.967495E-002,4.916416E-002,4.807676E-002,4.604003E-002,4.270385E-002,3.797068E-002,3.225263E-002,2.656999E-002,2.232056E-002,2.073895E-002,2.231952E-002,2.656765E-002,3.224863E-002,3.796474E-002,4.269599E-002,4.603075E-002,4.806694E-002,4.915488E-002,4.966709E-002,4.988093E-002,4.996074E-002,4.998774E-002,4.999622E-002,4.999881E-002,4.999961E-002,4.999987E-002,4.999996E-002,4.999999E-002,5.000000E-002,5.000000E-002,5.000000E-002,5.000000E-002,5.000000E-002,5.000000E-002,5.000000E-002,5.000000E-002,5.000000E-002,5.000000E-002,5.000000E-002,5.000000E-002,5.000000E-002,5.000000E-002,5.000000E-002,5.000000E-002,5.000000E-002,5.000000E-002,5.000000E-002,5.000000E-002,5.000000E-002,5.000000E-002,5.000000E-002,5.000000E-002,5.000000E-002,5.000000E-002,5.000000E-002,5.000000E-002,5.000000E-002,5.000000E-002,5.000000E-002,5.000000E-002,5.000000E-002,5.000000E-002,5.000000E-002,5.000000E-002,5.000000E-002,5.000000E-002,5.000000E-002,5.000000E-002,5.000000E-002,5.000000E-002,5.000000E-002,5.000000E-002,5.000000E-002,5.000000E-002,5.000000E-002,5.000000E-002,5.000000E-002,5.000000E-002,5.000000E-002,5.000000E-002,5.000000E-002,5.000000E-002,5.000000E-002,5.000000E-002,5.000000E-002,5.000000E-002,5.000000E-002,5.000000E-002,5.000000E-002,5.000000E-002,5.000000E-002,5.000000E-002,5.000000E-002,5.000000E-002,5.000000E-002,5.000000E-002,5.000000E-002,5.000000E-002,5.000000E-002,5.000000E-002,5.000000E-002
5.000000E-002,5.000000E-002,5.000000E-002,5.000000E-002,5.000000E-002,5.000000E-002,5.000000E-002,5.000000E-002,5.000000E-002,5.000000E-002,5.000000E-002,5.000000E-002,5.000000E-002,5.000000E-002,5.000000E-002,5.000000E-002,5.000000E-002,5.000000E-002,5.000000E-002,5.000000E-002,4.999998E-002,4.999990E-002,4.999948E-002,4.999768E-002,4.999071E-002,4.996668E-002,4.989299E-002,4.969251E-002,4.920933E-002,4.818069E-002,4.625403E-002,4.309814E-002,3.862076E-002,3.321173E-002,2.783624E-002,2.381657E-002,2.232068E-002,2.381631E-002,2.783565E-002,3.321074E-002,3.861927E-002,4.309618E-002,4.625172E-002,4.817824E-002,4.920702E-002,4.969055E-002,4.989151E-002,4.996567E-002,4.999010E-002,4.999735E-002,4.999932E-002,4.999983E-002,4.999995E-002,4.999999E-002,5.000000E-002,5.000000E-002,5.000000E-002,5.000000E-002,5.000000E-002,5.000000E-002,5.000000E-002,5.000000E-002,5.000000E-002,5.000000E-002,5.000000E-002,5.000000E-002,5.000000E-002,5.000000E-002,5.000000E-002,5.000000E-002,5.000000E-002,5.000000E-002,5.000000E-002,5.000000E-002,5.000000E-002,5.000000E-002,5.000000E-002,5.000000E-002,5.000000E-002,5.000000E-002,5.000000E-002,5.000000E-002,5.000000E-002,5.000000E-002,5.000000E-002,5.000000E-002,5.000000E-002,5.000000E-002,5.000000E-002,5.000000E-002,5.000000E-002,5.000000E-002,5.000000E-002,5.000000E-002,5.000000E-002,5.000000E-002,5.000000E-002,5.000000E-002,5.000000E-002,5.000000E-002,5.000000E-002,5.000000E-002,5.000000E-002,5.000000E-002,5.000000E-002,5.000000E-002,5.000000E-002,5.000000E-002,5.000000E-002,5.000000E-002,5.000000E-002,5.000000E-002,5.000000E-002,5.000000E-002,5.000000E-002,5.000000E-002,5.000000E-002,5.000000E-002,5.000000E-002,5.000000E-002,5.000000E-002,5.000000E-002,5.000000E-002,5.000000E-002,5.000000E-002,5.000000E-002,5.000000E-002,5.000000E-002
5.000000E-002,5.000000E-002,5.000000E-002,5.000000E-002,5.000000E-002,5.000000E-002,5.000000E-002,5.000000E-002,5.000000E-002,5.000000E-002,5.000000E-002,5.000000E-002,5.000000E-002,5.000000E-002,5.000000E-002,5.000000E-002,5.000000E-002,5.000000E-002,5.000000E-002,5.000000E-002,4.999998E-002,4.999991E-002,4.999956E-002,4.999804E-002,4.999214E-002,4.997179E-002,4.990942E-002,4.973972E-002,4.933071E-002,4.845999E-002,4.682911E-002,4.415770E-002,4.036768E-002,3.578905E-002,3.123880E-002,2.783625E-002,2.657006E-002,2.783619E-002,3.123867E-002,3.578882E-002,4.036735E-002,4.415727E-002,4.682859E-002,4.845944E-002,4.933020E-002,4.973928E-002,4.990909E-002,4.997157E-002,4.999200E-002,4.999797E-002,4.999953E-002,4.999990E-002,4.999998E-002,5.000000E-002,5.000000E-002,5.000000E-002,5.000000E-002,5.000000E-002,5.000000E-002,5.000000E-002,5.000000E-002,5.000000E-002,5.000000E-002,5.000000E-002,5.000000E-002,5.000000E-002,5.000000E-002,5.000000E-002,5.000000E-002,5.000000E-002,5.000000E-002,5.000000E-002,5.000000E-002,5.000000E-002,5.000000E-002,5.000000E-002,5.000000E-002,5.000000E-002,5.000000E-002,5.000000E-002,5.000000E-002,5.000000E-002,5.000000E-002,5.000000E-002,5.000000E-002,5.000000E-002,5.000000E-002,5.000000E-002,5.000000E-002,5.000000E-002,5.000000E-002,5.000000E-002,5.000000E-002,5.000000E-002,5.000000E-002,5.000000E-002,5.000000E-002,5.000000E-002,5.000000E-002,5.000000E-002,5.000000E-002,5.000000E-002,5.000000E-002,5.000000E-002,5.000000E-002,5.000000E-002,5.000000E-002,5.000000E-002,5.000000E-002,5.000000E-002,5.000000E-002,5.000000E-002,5.000000E-002,5.000000E-002,5.000000E-002,5.000000E-002,5.000000E-002,5.000000E-002,5.000000E-002,5.000000E-002,5.000000E-002,5.000000E-002,5.000000E-002,5.000000E-002,5.000000E-002,5.000000E-002,5.000000E-002,5.000000E-002
5.000000E-002,5.000000E-002,5.000000E-002,5.000000E-002,5.000000E-002,5.000000E-002,5.000000E-002,5.000000E-002,5.000000E-002,5.000000E-002,5.000000E-002,5.000000E-002,5.000000E-002,5.000000E-002,5.000000E-002,5.000000E-002,5.000000E-002,5.000000E-002,5.000000E-002,5.000000E-002,4.999999E-002,4.999993E-002,4.999967E-002,4.999852E-002,4.999405E-002,4.997863E-002,4.993139E-002,4.980284E-002,4.949304E-002,4.883349E-002,4.759816E-002,4.557466E-002,4.270385E-002,3.923570E-002,3.578905E-002,3.321174E-002,3.225266E-002,3.321173E-002,3.578902E-002,3.923565E-002,4.270379E-002,4.557458E-002,4.759806E-002,4.883338E-002,4.949294E-002,4.980276E-002,4.993132E-002,4.997859E-002,4.999402E-002,4.999850E-002,4.999966E-002,4.999993E-002,4.999999E-002,5.000000E-002,5.000000E-002,5.000000E-002,5.000000E-002,5.000000E-002,5.000000E-002,5.000000E-002,5.000000E-002,5.000000E-002,5.000000E-002,5.000000E-002,5.000000E-002,5.000000E-002,5.000000E-002,5.000000E-002,5.000000E-002,5.000000E-002,5.000000E-002,5.000000E-002,5.000000E-002,5.000000E-002,5.000000E-002,5.000000E-002,5.000000E-002,5.000000E-002,5.000000E-002,5.000000E-002,5.000000E-002,5.000000E-002,5.000000E-002,5.000000E-002,5.000000E-002,5.000000E-002,5.000000E-002,5.000000E-002,5.000000E-002,5.000000E-002,5.000000E-002,5.000000E-002,5.000000E-002,5.000000E-002,5.000000E-002,5.000000E-002,5.000000E-002,5.000000E-002,5.000000E-002,5.000000E-002,5.000000E-002,5.000000E-002,5.000000E-002,5.000000E-002,5.000000E-002,5.000000E-002,5.000000E-002,5.000000E-002,5.000000E-002,5.000000E-002,5.000000E-002,5.000000E-002,5.000000E-002,5.000000E-002,5.000000E-002,5.000000E-002,5.000000E-002,5.000000E-002,5.000000E-002,5.000000E-002,5.000000E-002,5.000000E-002,5.000000E-002,5.000000E-002,5.000000E-002,5.000000E-002,5.000000E-002,5.000000E-002
5.000000E-002,5.000000E-002,5.000000E-002,5.000000E-002,5.000000E-002,5.000000E-002,5.000000E-002,5.000000E-002,5.000000E-002,5.000000E-002,5.000000E-002,5.000000E-002,5.000000E-002,5.000000E-002,5.000000E-002,5.000000E-002,5.000000E-002,5.000000E-002,5.000000E-002,5.000000E-002,4.999999E-002,4.999996E-002,4.999978E-002,4.999899E-002,4.999596E-002,4.998552E-002,4.995350E-002,4.986637E-002,4.965638E-002,4.920933E-002,4.837201E-002,4.700046E-002,4.505460E-002,4.270385E-002,4.036768E-002,3.862076E-002,3.797069E-002,3.862076E-002,4.036768E-002,4.270385E-002,4.505459E-002,4.700045E-002,4.837199E-002,4.920931E-002,4.965636E-002,4.986635E-002,4.995348E-002,4.998551E-002,4.999596E-002,4.999899E-002,4.999977E-002,4.999995E-002,4.999999E-002,5.000000E-002,5.000000E-002,5.000000E-002,5.000000E-002,5.000000E-002,5.000000E-002,5.000000E-002,5.000000E-002,5.000000E-002,5.000000E-002,5.000000E-002,5.000000E-002,5.000000E-002,5.000000E-002,5.000000E-002,5.000000E-002,5.000000E-002,5.000000E-002,5.000000E-002,5.000000E-002,5.000000E-002,5.000000E-002,5.000000E-002,5.000000E-002,5.000000E-002,5.000000E-002,5.000000E-002,5.000000E-002,5.000000E-002,5.000000E-002,5.000000E-002,5.000000E-002,5.000000E-002,5.000000E-002,5.000000E-002,5.000000E-002,5.000000E-002,5.000000E-002,5.000000E-002,5.000000E-002,5.000000E-002,5.000000E-002,5.000000E-002,5.000000E-002,5.000000E-002,5.000000E-002,5.000000E-002,5.000000E-002,5.000000E-002,5.000000E-002,5.000000E-002,5.000000E-002,5.000000E-002,5.000000E-002,5.000000E-002,5.000000E-002,5.000000E-002,5.000000E-002,5.000000E-002,5.000000E-002,5.000000E-002,5.000000E-002,5.000000E-002,5.000000E-002,5.000000E-002,5.000000E-002,5.000000E-002,5.000000E-002,5.000000E-002,5.000000E-002,5.000000E-002,5.000000E-002,5.000000E-002,5.000000E-002,5.000000E-002
5.000000E-002,5.000000E-002,5.000000E-002,5.000000E-002,5.000000E-002,5.000000E-002,5.000000E-002,5.000000E-002,5.000000E-002,5.000000E-002,5.000000E-002,5.000000E-002,5.000000E-002,5.000000E-002,5.000000E-002,5.000000E-002,5.000000E-002,5.000000E-002,5.000000E-002,5.000000E-002,5.000000E-002,4.999997E-002,4.999986E-002,4.999939E-002,4.999755E-002,4.999122E-002,4.997179E-002,4.991895E-002,4.979158E-002,4.952044E-002,4.901257E-002,4.818069E-002,4.700046E-002,4.557466E-002,4.415770E-002,4.309814E-002,4.270385E-002,4.309814E-002,4.415770E-002,4.557466E-002,4.700046E-002,4.818069E-002,4.901257E-002,4.952043E-002,4.979158E-002,4.991894E-002,4.997179E-002,4.999122E-002,4.999755E-002,4.999939E-002,4.999986E-002,4.999997E-002,5.000000E-002,5.000000E-002,5.000000E-002,5.000000E-002,5.000000E-002,5.000000E-002,5.000000E-002,5.000000E-002,5.000000E-002,5.000000E-002,5.000000E-002,5.000000E-002,5.000000E-002,5.000000E-002,5.000000E-002,5.000000E-002,5.000000E-002,5.000000E-002,5.000000E-002,5.000000E-002,5.000000E-002,5.000000E-002,5.000000E-002,5.000000E-002,5.000000E-002,5.000000E-002,5.000000E-002,5.000000E-002,5.000000E-002,5.000000E-002,5.000000E-002,5.000000E-002,5.000000E-002,5.000000E-002,5.000000E-002,5.000000E-002,5.000000E-002,5.000000E-002,5.000000E-002,5.000000E-002,5.000000E-002,5.000000E-002,5.000000E-002,5.000000E-002,5.000000E-002,5.000000E-002,5.000000E-002,5.000000E-002,5.000000E-002,5.000000E-002,5.000000E-002,5.000000E-002,5.000000E-002,5.000000E-002,5.000000E-002,5.000000E-002,5.000000E-002,5.000000E-002,5.000000E-002,5.000000E-002,5.000000E-002,5.000000E-002,5.000000E-002,5.000000E-002,5.000000E-002,5.000000E-002,5.000000E-002,5.000000E-002,5.000000E-002,5.000000E-002,5.000000E-002,5.000000E-002,5.000000E-002,5.000000E-002,5.000000E-002,5.000000E-002
5.000000E-002,5.000000E-002,5.000000E-002,5.000000E-002,5.000000E-002,5.000000E-002,5.000000E-002,5.000000E-002,5.000000E-002,5.000000E-002,5.000000E-002,5.000000E-002,5.000000E-002,5.000000E-002,5.000000E-002,5.000000E-002,5.000000E-002,5.000000E-002,5.000000E-002,5.000000E-002,5.000000E-002,4.999999E-002,4.999993E-002,4.999967E-002,4.999867E-002,4.999523E-002,4.998469E-002,4.995601E-002,4.988688E-002,4.973972E-002,4.946408E-002,4.901257E-002,4.837201E-002,4.759816E-002,4.682911E-002,4.625403E-002,4.604004E-002,4.625403E-002,4.682911E-002,4.759816E-002,4.837201E-002,4.901257E-002,4.946408E-002,4.973972E-002,4.988688E-002,4.995601E-002,4.998469E-002,4.999523E-002,4.999867E-002,4.999967E-002,4.999993E-002,4.999999E-002,5.000000E-002,5.000000E-002,5.000000E-002,5.000000E-002,5.000000E-002,5.000000E-002,5.000000E-002,5.000000E-002,5.000000E-002,5.000000E-002,5.000000E-002,5.000000E-002,5.000000E-002,5.000000E-002,5.000000E-002,5.000000E-002,5.000000E-002,5.000000E-002,5.000000E-002,5.000000E-002,5.000000E-002,5.000000E-002,5.000000E-002,5.000000E-002,5.000000E-002,5.000000E-002,5.000000E-002,5.000000E-002,5.000000E-002,5.000000E-002,5.000000E-002,5.000000E-002,5.000000E-002,5.000000E-002,5.000000E-002,5.000000E-002,5.000000E-002,5.000000E-002,5.000000E-002,5.000000E-002,5.000000E-002,5.000000E-002,5.000000E-002,5.000000E-002,5.000000E-002,5.000000E-002,5.000000E-002,5.000000E-002,5.000000E-002,5.000000E-002,5.000000E-002,5.000000E-002,5.000000E-002,5.000000E-002,5.000000E-002,5.000000E-002,5.000000E-002,5.000000E-002,5.000000E-002,5.000000E-002,5.000000E-002,5.000000E-002,5.000000E-002,5.000000E-002,5.000000E-002,5.000000E-002,5.000000E-002,5.000000E-002,5.000000E-002,5.000000E-002,5.000000E-002,5.000000E-002,5.000000E-002,5.000000E-002,5.000000E-002,5.000000E-002
5.000000E-002,5.000000E-002,5.000000E-002,5.000000E-002,5.000000E-002,5.000000E-002,5.000000E-002,5.000000E-002,5.000000E-002,5.000000E-002,5.000000E-002,5.000000E-002,5.000000E-002,5.000000E-002,5.000000E-002,5.000000E-002,5.000000E-002,5.000000E-002,5.000000E-002,5.000000E-002,5.000000E-002,4.999999E-002,4.999996E-002,4.999984E-002,4.999935E-002,4.999768E-002,4.999256E-002,4.997863E-002,4.994506E-002,4.987359E-002,4.973972E-002,4.952044E-002,4.920933E-002,4.883349E-002,4.845999E-002,4.818069E-002,4.807676E-002,4.818069E-002,4.845999E-002,4.883349E-002,4.920933E-002,4.952044E-002,4.973972E-002,4.987359E-002,4.994506E-002,4.997863E-002,4.999256E-002,4.999768E-002,4.999935E-002,4.999984E-002,4.999996E-002,4.999999E-002,5.000000E-002,5.000000E-002,5.000000E-002,5.000000E-002,5.000000E-002,5.000000E-002,5.000000E-002,5.000000E-002,5.000000E-002,5.000000E-002,5.000000E-002,5.000000E-002,5.000000E-002,5.000000E-002,5.000000E-002,5.000000E-002,5.000000E-002,5.000000E-002,5.000000E-002,5.000000E-002,5.000000E-002,5.000000E-002,5.000000E-002,5.000000E-002,5.000000E-002,5.000000E-002,5.000000E-002,5.000000E-002,5.000000E-002,5.000000E-002,5.000000E-002,5.000000E-002,5.000000E-002,5.000000E-002,5.000000E-002,5.000000E-002,5.000000E-002,5.000000E-002,5.000000E-002,5.000000E-002,5.000000E-002,5.000000E-002,5.000000E-002,5.000000E-002,5.000000E-002,5.000000E-002,5.000000E-002,5.000000E-002,5.000000E-002,5.000000E-002,5.000000E-002,5.000000E-002,5.000000E-002,5.000000E-002,5.000000E-002,5.000000E-002,5.000000E-002,5.000000E-002,5.000000E-002,5.000000E-002,5.000000E-002,5.000000E-002,5.000000E-002,5.000000E-002,5.000000E-002,5.000000E-002,5.000000E-002,5.000000E-002,5.000000E-002,5.000000E-002,5.000000E-002,5.000000E-002,5.000000E-002,5.000000E-002,5.000000E-002,5.000000E-002
5.000000E-002,5.000000E-002,5.000000E-002,5.000000E-002,5.000000E-002,5.000000E-002,5.000000E-002,5.000000E-002,5.000000E-002,5.000000E-002,5.000000E-002,5.000000E-002,5.000000E-002,5.000000E-002,5.000000E-002,5.000000E-002,5.000000E-002,5.000000E-002,5.000000E-002,5.000000E-002,5.000000E-002,5.000000E-002,4.999998E-002,4.999993E-002,4.999972E-002,4.999899E-002,4.999677E-002,4.999071E-002,4.997612E-002,4.994506E-002,4.988688E-002,4.979158E-002,4.965638E-002,4.949304E-002,4.933071E-002,4.920933E-002,4.916416E-002,4.920933E-002,4.933071E-002,4.949304E-002,4.965638E-002,4.979158E-002,4.988688E-002,4.994506E-002,4.997612E-002,4.999071E-002,4.999677E-002,4.999899E-002,4.999972E-002,4.999993E-002,4.999998E-002,5.000000E-002,5.000000E-002,5.000000E-002,5.000000E-002,5.000000E-002,5.000000E-002,5.000000E-002,5.000000E-002,5.000000E-002,5.000000E-002,5.000000E-002,5.000000E-002,5.000000E-002,5.000000E-002,5.000000E-002,5.000000E-002,5.000000E-002,5.000000E-002,5.000000E-002,5.000000E-002,5.000000E-002,5.000000E-002,5.000000E-002,5.000000E-002,5.000000E-002,5.000000E-002,5.000000E-002,5.000000E-002,5.000000E-002,5.000000E-002,5.000000E-002,5.000000E-002,5.000000E-002,5.000000E-002,5.000000E-002,5.000000E-002,5.000000E-002,5.000000E-002,5.000000E-002,5.000000E-002,5.000000E-002,5.000000E-002,5.000000E-002,5.000000E-002,5.000000E-002,5.000000E-002,5.000000E-002,5.000000E-002,5.000000E-002,5.000000E-002,5.000000E-002,5.000000E-002,5.000000E-002,5.000000E-002,5.000000E-002,5.000000E-002,5.000000E-002,5.000000E-002,5.000000E-002,5.000000E-002,5.000000E-002,5.000000E-002,5.000000E-002,5.000000E-002,5.000000E-002,5.000000E-002,5.000000E-002,5.000000E-002,5.000000E-002,5.000000E-002,5.000000E-002,5.000000E-002,5.000000E-002,5.000000E-002,5.000000E-002,5.000000E-002,5.000000E-002
5.000000E-002,5.000000E-002,5.000000E-002,5.000000E-002,5.000000E-002,5.000000E-002,5.000000E-002,5.000000E-002,5.000000E-002,5.000000E-002,5.000000E-002,5.000000E-002,5.000000E-002,5.000000E-002,5.000000E-002,5.000000E-002,5.000000E-002,5.000000E-002,5.000000E-002,5.000000E-002,5.000000E-002,5.000000E-002,4.999999E-002,4.999997E-002,4.999989E-002,4.999961E-002,4.999874E-002,4.999639E-002,4.999071E-002,4.997863E-002,4.995601E-002,4.991895E-002,4.986637E-002,4.980284E-002,4.973972E-002,4.969251E-002,4.967495E-002,4.969251E-002,4.973972E-002,4.980284E-002,4.986637E-002,4.991895E-002,4.995601E-002,4.997863E-002,4.999071E-002,4.999639E-002,4.999874E-002,4.999961E-002,4.999989E-002,4.999997E-002,4.999999E-002,5.000000E-002,5.000000E-002,5.000000E-002,5.000000E-002,5.000000E-002,5.000000E-002,5.000000E-002,5.000000E-002,5.000000E-002,5.000000E-002,5.000000E-002,5.000000E-002,5.000000E-002,5.000000E-002,5.000000E-002,5.000000E-002,5.000000E-002,5.000000E-002,5.000000E-002,5.000000E-002,5.000000E-002,5.000000E-002,5.000000E-002,5.000000E-002,5.000000E-002,5.000000E-002,5.000000E-002,5.000000E-002,5.000000E-002,5.000000E-002,5.000000E-002,5.000000E-002,5.000000E-002,5.000000E-002,5.000000E-002,5.000000E-002,5.000000E-002,5.000000E-002,5.000000E-002,5.000000E-002,5.000000E-002,5.000000E-002,5.000000E-002,5.000000E-002,5.000000E-002,5.000000E-002,5.000000E-002,5.000000E-002,5.000000E-002,5.000000E-002,5.000000E-002,5.000000E-002,5.000000E-002,5.000000E-002,5.000000E-002,5.000000E-002,5.000000E-002,5.000000E-002,5.000000E-002,5.000000E-002,5.000000E-002,5.000000E-002,5.000000E-002,5.000000E-002,5.000000E-002,5.000000E-002,5.000000E-002,5.000000E-002,5.000000E-002,5.000000E-002,5.000000E-002,5.000000E-002,5.000000E-002,5.000000E-002,5.000000E-002,5.000000E-002,5.000000E-002
5.000000E-002,5.000000E-002,5.000000E-002,5.000000E-002,5.000000E-002,5.000000E-002,5.000000E-002,5.000000E-002,5.000000E-002,5.000000E-002,5.000000E-002,5.000000E-002,5.000000E-002,5.000000E-002,5.000000E-002,5.000000E-002,5.000000E-002,5.000000E-002,5.000000E-002,5.000000E-002,5.000000E-002,5.000000E-002,5.000000E-002,4.999999E-002,4.999996E-002,4.999986E-002,4.999956E-002,4.999874E-002,4.999677E-002,4.999256E-002,4.998469E-002,4.997179E-002,4.995350E-002,4.993139E-002,4.990942E-002,4.989299E-002,4.988688E-002,4.989299E-002,4.990942E-002,4.993139E-002,4.995350E-002,4.997179E-002,4.998469E-002,4.999256E-002,4.999677E-002,4.999874E-002,4.999956E-002,4.999986E-002,4.999996E-002,4.999999E-002,5.000000E-002,5.000000E-002,5.000000E-002,5.000000E-002,5.000000E-002,5.000000E-002,5.000000E-002,5.000000E-002,5.000000E-002,5.000000E-002,5.000000E-002,5.000000E-002,5.000000E-002,5.000000E-002,5.000000E-002,5.000000E-002,5.000000E-002,5.000000E-002,5.000000E-002,5.000000E-002,5.000000E-002,5.000000E-002,5.000000E-002,5.000000E-002,5.000000E-002,5.000000E-002,5.000000E-002,5.000000E-002,5.000000E-002,5.000000E-002,5.000000E-002,5.000000E-002,5.000000E-002,5.000000E-002,5.000000E-002,5.000000E-002,5.000000E-002,5.000000E-002,5.000000E-002,5.000000E-002,5.000000E-002,5.000000E-002,5.000000E-002,5.000000E-002,5.000000E-002,5.000000E-002,5.000000E-002,5.000000E-002,5.000000E-002,5.000000E-002,5.000000E-002,5.000000E-002,5.000000E-002,5.000000E-002,5.000000E-002,5.000000E-002,5.000000E-002,5.000000E-002,5.000000E-002,5.000000E-002,5.000000E-002,5.000000E-002,5.000000E-002,5.000000E-002,5.000000E-002,5.000000E-002,5.000000E-002,5.000000E-002,5.000000E-002,5.000000E-002,5.000000E-002,5.000000E-002,5.000000E-002,5.000000E-002,5.000000E-002,5.000000E-002,5.000000E-002,5.000000E-002
5.000000E-002,5.000000E-002,5.000000E-002,5.000000E-002,5.000000E-002,5.000000E-002,5.000000E-002,5.000000E-002,5.000000E-002,5.000000E-002,5.000000E-002,5.000000E-002,5.000000E-002,5.000000E-002,5.000000E-002,5.000000E-002,5.000000E-002,5.000000E-002,5.000000E-002,5.000000E-002,5.000000E-002,5.000000E-002,5.000000E-002,5.000000E-002,4.999999E-002,4.999996E-002,4.999986E-002,4.999961E-002,4.999899E-002,4.999768E-002,4.999523E-002,4.999122E-002,4.998552E-002,4.997863E-002,4.997179E-002,4.996668E-002,4.996477E-002,4.996668E-002,4.997179E-002,4.997863E-002,4.998552E-002,4.999122E-002,4.999523E-002,4.999768E-002,4.999899E-002,4.999961E-002,4.999986E-002,4.999996E-002,4.999999E-002,5.000000E-002,5.000000E-002,5.000000E-002,5.000000E-002,5.000000E-002,5.000000E-002,5.000000E-002,5.000000E-002,5.000000E-002,5.000000E-002,5.000000E-002,5.000000E-002,5.000000E-002,5.000000E-002,5.000000E-002,5.000000E-002,5.000000E-002,5.000000E-002,5.000000E-002,5.000000E-002,5.000000E-002,5.000000E-002,5.000000E-002,5.000000E-002,5.000000E-002,5.000000E-002,5.000000E-002,5.000000E-002,5.000000E-002,5.000000E-002,5.000000E-002,5.000000E-002,5.000000E-002,5.000000E-002,5.000000E-002,5.000000E-002,5.000000E-002,5.000000E-002,5.000000E-002,5.000000E-002,5.000000E-002,5.000000E-002,5.000000E-002,5.000000E-002,5.000000E-002,5.000000E-002,5.000000E-002,5.000000E-002,5.000000E-002,5.000000E-002,5.000000E-002,5.000000E-002,5.000000E-002,5.000000E-002,5.000000E-002,5.000000E-002,5.000000E-002,5.000000E-002,5.000000E-002,5.000000E-002,5.000000E-002,5.000000E-002,5.000000E-002,5.000000E-002,5.000000E-002,5.000000E-002,5.000000E-002,5.000000E-002,5.000000E-002,5.000000E-002,5.000000E-002,5.000000E-002,5.000000E-002,5.000000E-002,5.000000E-002,5.000000E-002,5.000000E-002,5.000000E-002,5.000000E-002
5.000000E-002,5.000000E-002,5.000000E-002,5.000000E-002,5.000000E-002,5.000000E-002,5.000000E-002,5.000000E-002,5.000000E-002,5.000000E-002,5.000000E-002,5.000000E-002,5.000000E-002,5.000000E-002,5.000000E-002,5.000000E-002,5.000000E-002,5.000000E-002,5.000000E-002,5.000000E-002,5.000000E-002,5.000000E-002,5.000000E-002,5.000000E-002,5.000000E-002,4.999999E-002,4.999996E-002,4.999989E-002,4.999972E-002,4.999935E-002,4.999867E-002,4.999755E-002,4.999596E-002,4.999405E-002,4.999214E-002,4.999071E-002,4.999018E-002,4.999071E-002,4.999214E-002,4.999405E-002,4.999596E-002,4.999755E-002,4.999867E-002,4.999935E-002,4.999972E-002,4.999989E-002,4.999996E-002,4.999999E-002,5.000000E-002,5.000000E-002,5.000000E-002,5.000000E-002,5.000000E-002,5.000000E-002,5.000000E-002,5.000000E-002,5.000000E-002,5.000000E-002,5.000000E-002,5.000000E-002,5.000000E-002,5.000000E-002,5.000000E-002,5.000000E-002,5.000000E-002,5.000000E-002,5.000000E-002,5.000000E-002,5.000000E-002,5.000000E-002,5.000000E-002,5.000000E-002,5.000000E-002,5.000000E-002,5.000000E-002,5.000000E-002,5.000000E-002,5.000000E-002,5.000000E-002,5.000000E-002,5.000000E-002,5.000000E-002,5.000000E-002,5.000000E-002,5.000000E-002,5.000000E-002,5.000000E-002,5.000000E-002,5.000000E-002,5.000000E-002,5.000000E-002,5.000000E-002,5.000000E-002,5.000000E-002,5.000000E-002,5.000000E-002,5.000000E-002,5.000000E-002,5.000000E-002,5.000000E-002,5.000000E-002,5.000000E-002,5.000000E-002,5.000000E-002,5.000000E-002,5.000000E-002,5.000000E-002,5.000000E-002,5.000000E-002,5.000000E-002,5.000000E-002,5.000000E-002,5.000000E-002,5.000000E-002,5.000000E-002,5.000000E-002,5.000000E-002,5.000000E-002,5.000000E-002,5.000000E-002,5.000000E-002,5.000000E-002,5.000000E-002,5.000000E-002,5.000000E-002,5.000000E-002,5.000000E-002,5.000000E-002
5.000000E-002,5.000000E-002,5.000000E-002,5.000000E-002,5.000000E-002,5.000000E-002,5.000000E-002,5.000000E-002,5.000000E-002,5.000000E-002,5.000000E-002,5.000000E-002,5.000000E-002,5.000000E-002,5.000000E-002,5.000000E-002,5.000000E-002,5.000000E-002,5.000000E-002,5.000000E-002,5.000000E-002,5.000000E-002,5.000000E-002,5.000000E-002,5.000000E-002,5.000000E-002,4.999999E-002,4.999997E-002,4.999993E-002,4.999984E-002,4.999967E-002,4.999939E-002,4.999899E-002,4.999852E-002,4.999804E-002,4.999768E-002,4.999755E-002,4.999768E-002,4.999804E-002,4.999852E-002,4.999899E-002,4.999939E-002,4.999967E-002,4.999984E-002,4.999993E-002,4.999997E-002,4.999999E-002,5.000000E-002,5.000000E-002,5.000000E-002,5.000000E-002,5.000000E-002,5.000000E-002,5.000000E-002,5.000000E-002,5.000000E-002,5.000000E-002,5.000000E-002,5.000000E-002,5.000000E-002,5.000000E-002,5.000000E-002,5.000000E-002,5.000000E-002,5.000000E-002,5.000000E-002,5.000000E-002,5.000000E-002,5.000000E-002,5.000000E-002,5.000000E-002,5.000000E-002,5.000000E-002,5.000000E-002,5.000000E-002,5.000000E-002,5.000000E-002,5.000000E-002,5.000000E-002,5.000000E-002,5.000000E-002,5.000000E-002,5.000000E-002,5.000000E-002,5.000000E-002,5.000000E-002,5.000000E-002,5.000000E-002,5.000000E-002,5.000000E-002,5.000000E-002,5.000000E-002,5.000000E-002,5.000000E-002,5.000000E-002,5.000000E-002,5.000000E-002,5.000000E-002,5.000000E-002,5.000000E-002,5.000000E-002,5.000000E-002,5.000000E-002,5.000000E-002,5.000000E-002,5.000000E-002,5.000000E-002,5.000000E-002,5.000000E-002,5.000000E-002,5.000000E-002,5.000000E-002,5.000000E-002,5.000000E-002,5.000000E-002,5.000000E-002,5.000000E-002,5.000000E-002,5.000000E-002,5.000000E-002,5.000000E-002,5.000000E-002,5.000000E-002,5.000000E-002,5.000000E-002,5.000000E-002,5.000000E-002,5.000000E-002
5.000000E-002,5.000000E-002,5.000000E-002,5.000000E-002,5.000000E-002,5.000000E-002,5.000000E-002,5.000000E-002,5.000000E-002,5.000000E-002,5.000000E-002,5.000000E-002,5.000000E-002,5.000000E-002,5.000000E-002,5.000000E-002,5.000000E-002,5.000000E-002,5.000000E-002,5.000000E-002,5.000000E-002,5.000000E-002,5.000000E-002,5.000000E-002,5.000000E-002,5.000000E-002,5.000000E-002,4.999999E-002,4.999998E-002,4.999996E-002,4.999993E-002,4.999986E-002,4.999978E-002,4.999967E-002,4.999956E-002,4.999948E-002,4.999945E-002,4.999948E-002,4.999956E-002,4.999967E-002,4.999978E-002,4.999986E-002,4.999993E-002,4.999996E-002,4.999998E-002,4.999999E-002,5.000000E-002,5.000000E-002,5.000000E-002,5.000000E-002,5.000000E-002,5.000000E-002,5.000000E-002,5.000000E-002,5.000000E-002,5.000000E-002,5.000000E-002,5.000000E-002,5.000000E-002,5.000000E-002,5.000000E-002,5.000000E-002,5.000000E-002,5.000000E-002,5.000000E-002,5.000000E-002,5.000000E-002,5.000000E-002,5.000000E-002,5.000000E-002,5.000000E-002,5.000000E-002,5.000000E-002,5.000000E-002,5.000000E-002,5.000000E-002,5.000000E-002,5.000000E-002,5.000000E-002,5.000000E-002,5.000000E-002,5.000000E-002,5.000000E-002,5.000000E-002,5.000000E-002,5.000000E-002,5.000000E-002,5.000000E-002,5.000000E-002,5.000000E-002,5.000000E-002,5.000000E-002,5.000000E-002,5.000000E-002,5.000000E-002,5.000000E-002,5.000000E-002,5.000000E-002,5.000000E-002,5.000000E-002,5.000000E-002,5.000000E-002,5.000000E-002,5.000000E-002,5.000000E-002,5.000000E-002,5.000000E-002,5.000000E-002,5.000000E-002,5.000000E-002,5.000000E-002,5.000000E-002,5.000000E-002,5.000000E-002,5.000000E-002,5.000000E-002,5.000000E-002,5.000000E-002,5.000000E-002,5.000000E-002,5.000000E-002,5.000000E-002,5.000000E-002,5.000000E-002,5.000000E-002,5.000000E-002,5.000000E-002,5.000000E-002
5.000000E-002,5.000000E-002,5.000000E-002,5.000000E-002,5.000000E-002,5.000000E-002,5.000000E-002,5.000000E-002,5.000000E-002,5.000000E-002,5.000000E-002,5.000000E-002,5.000000E-002,5.000000E-002,5.000000E-002,5.000000E-002,5.000000E-002,5.000000E-002,5.000000E-002,5.000000E-002,5.000000E-002,5.000000E-002,5.000000E-002,5.000000E-002,5.000000E-002,5.000000E-002,5.000000E-002,5.000000E-002,5.000000E-002,4.999999E-002,4.999999E-002,4.999997E-002,4.999996E-002,4.999993E-002,4.999991E-002,4.999990E-002,4.999989E-002,4.999990E-002,4.999991E-002,4.999993E-002,4.999996E-002,4.999997E-002,4.999999E-002,4.999999E-002,5.000000E-002,5.000000E-002,5.000000E-002,5.000000E-002,5.000000E-002,5.000000E-002,5.000000E-002,5.000000E-002,5.000000E-002,5.000000E-002,5.000000E-002,5.000000E-002,5.000000E-002,5.000000E-002,5.000000E-002,5.000000E-002,5.000000E-002,5.000000E-002,5.000000E-002,5.000000E-002,5.000000E-002,5.000000E-002,5.000000E-002,5.000000E-002,5.000000E-002,5.000000E-002,5.000000E-002,5.000000E-002,5.000000E-002,5.000000E-002,5.000000E-002,5.000000E-002,5.000000E-002,5.000000E-002,5.000000E-002,5.000000E-002,5.000000E-002,5.000000E-002,5.000000E-002,5.000000E-002,5.000000E-002,5.000000E-002,5.000000E-002,5.000000E-002,5.000000E-002,5.000000E-002,5.000000E-002,5.000000E-002,5.000000E-002,5.000000E-002,5.000000E-002,5.000000E-002,5.000000E-002,5.000000E-002,5.000000E-002,5.000000E-002,5.000000E-002,5.000000E-002,5.000000E-002,5.000000E-002,5.000000E-002,5.000000E-002,5.000000E-002,5.000000E-002,5.000000E-002,5.000000E-002,5.000000E-002,5.000000E-002,5.000000E-002,5.000000E-002,5.000000E-002,5.000000E-002,5.000000E-002,5.000000E-002,5.000000E-002,5.000000E-002,5.000000E-002,5.000000E-002,5.000000E-002,5.000000E-002,5.000000E-002,5.000000E-002,5.000000E-002,5.000000E-002
5.000000E-002,5.000000E-002,5.000000E-002,5.000000E-002,5.000000E-002,5.000000E-002,5.000000E-002,5.000000E-002,5.000000E-002,5.000000E-002,5.000000E-002,5.000000E-002,5.000000E-002,5.000000E-002,5.000000E-002,5.000000E-002,5.000000E-002,5.000000E-002,5.000000E-002,5.000000E-002,5.000000E-002,5.000000E-002,5.000000E-002,5.000000E-002,5.000000E-002,5.000000E-002,5.000000E-002,5.000000E-002,5.000000E-002,5.000000E-002,5.000000E-002,5.000000E-002,4.999999E-002,4.999999E-002,4.999998E-002,4.999998E-002,4.999998E-002,4.999998E-002,4.999998E-002,4.999999E-002,4.999999E-002,5.000000E-002,5.000000E-002,5.000000E-002,5.000000E-002,5.000000E-002,5.000000E-002,5.000000E-002,5.000000E-002,5.000000E-002,5.000000E-002,5.000000E-002,5.000000E-002,5.000000E-002,5.000000E-002,5.000000E-002,5.000000E-002,5.000000E-002,5.000000E-002,5.000000E-002,5.000000E-002,5.000000E-002,5.000000E-002,5.000000E-002,5.000000E-002,5.000000E-002,5.000000E-002,5.000000E-002,5.000000E-002,5.000000E-002,5.000000E-002,5.000000E-002,5.000000E-002,5.000000E-002,5.000000E-002,5.000000E-002,5.000000E-002,5.000000E-002,5.000000E-002,5.000000E-002,5.000000E-002,5.000000E-002,5.000000E-002,5.000000E-002,5.000000E-002,5.000000E-002,5.000000E-002,5.000000E-002,5.000000E-002,5.000000E-002,5.000000E-002,5.000000E-002,5.000000E-002,5.000000E-002,5.000000E-002,5.000000E-002,5.000000E-002,5.000000E-002,5.000000E-002,5.000000E-002,5.000000E-002,5.000000E-002,5.000000E-002,5.000000E-002,5.000000E-002,5.000000E-002,5.000000E-002,5.000000E-002,5.000000E-002,5.000000E-002,5.000000E-002,5.000000E-002,5.000000E-002,5.000000E-002,5.000000E-002,5.000000E-002,5.000000E-002,5.000000E-002,5.000000E-002,5.000000E-002,5.000000E-002,5.000000E-002,5.000000E-002,5.000000E-002,5.000000E-002,5.000000E-002,5.000000E-002,5.000000E-002
5.000000E-002,5.000000E-002,5.000000E-002,5.000000E-002,5.000000E-002,5.000000E-002,5.000000E-002,5.000000E-002,5.000000E-002,5.000000E-002,5.000000E-002,5.000000E-002,5.000000E-002,5.000000E-002,5.000000E-002,5.000000E-002,5.000000E-002,5.000000E-002,5.000000E-002,5.000000E-002,5.000000E-002,5.000000E-002,5.000000E-002,5.000000E-002,5.000000E-002,5.000000E-002,5.000000E-002,5.000000E-002,5.000000E-002,5.000000E-002,5.000000E-002,5.000000E-002,5.000000E-002,5.000000E-002,5.000000E-002,5.000000E-002,5.000000E-002,5.000000E-002,5.000000E-002,5.000000E-002,5.000000E-002,5.000000E-002,5.000000E-002,5.000000E-002,5.000000E-002,5.000000E-002,5.000000E-002,5.000000E-002,5.000000E-002,5.000000E-002,5.000000E-002,5.000000E-002,5.000000E-002,5.000000E-002,5.000000E-002,5.000000E-002,5.000000E-002,5.000000E-002,5.000000E-002,5.000000E-002,5.000000E-002,5.000000E-002,5.000000E-002,5.000000E-002,5.000000E-002,5.000000E-002,5.000000E-002,5.000000E-002,5.000000E-002,5.000000E-002,5.000000E-002,5.000000E-002,5.000000E-002,5.000000E-002,5.000000E-002,5.000000E-002,5.000000E-002,5.000000E-002,5.000000E-002,5.000000E-002,5.000000E-002,5.000000E-002,5.000000E-002,5.000000E-002,5.000000E-002,4.999999E-002,4.999999E-002,4.999998E-002,4.999998E-002,4.999998E-002,4.999998E-002,4.999998E-002,4.999999E-002,4.999999E-002,5.000000E-002,5.000000E-002,5.000000E-002,5.000000E-002,5.000000E-002,5.000000E-002,5.000000E-002,5.000000E-002,5.000000E-002,5.000000E-002,5.000000E-002,5.000000E-002,5.000000E-002,5.000000E-002,5.000000E-002,5.000000E-002,5.000000E-002,5.000000E-002,5.000000E-002,5.000000E-002,5.000000E-002,5.000000E-002,5.000000E-002,5.000000E-002,5.000000E-002,5.000000E-002,5.000000E-002,5.000000E-002,5.000000E-002,5.000000E-002,5.000000E-002,5.000000E-002,5.000000E-002,5.000000E-002
5.000000E-002,5.000000E-002,5.000000E-002,5.000000E-002,5.000000E-002,5.000000E-002,5.000000E-002,5.000000E-002,5.000000E-002,5.000000E-002,5.000000E-002,5.000000E-002,5.000000E-002,5.000000E-002,5.000000E-002,5.000000E-002,5.000000E-002,5.000000E-002,5.000000E-002,5.000000E-002,5.000000E-002,5.000000E-002,5.000000E-002,5.000000E-002,5.000000E-002,5.000000E-002,5.000000E-002,5.000000E-002,5.000000E-002,5.000000E-002,5.000000E-002,5.000000E-002,5.000000E-002,5.000000E-002,5.000000E-002,5.000000E-002,5.000000E-002,5.000000E-002,5.000000E-002,5.000000E-002,5.000000E-002,5.000000E-002,5.000000E-002,5.000000E-002,5.000000E-002,5.000000E-002,5.000000E-002,5.000000E-002,5.000000E-002,5.000000E-002,5.000000E-002,5.000000E-002,5.000000E-002,5.000000E-002,5.000000E-002,5.000000E-002,5.000000E-002,5.000000E-002,5.000000E-002,5.000000E-002,5.000000E-002,5.000000E-002,5.000000E-002,5.000000E-002,5.000000E-002,5.000000E-002,5.000000E-002,5.000000E-002,5.000000E-002,5.000000E-002,5.000000E-002,5.000000E-002,5.000000E-002,5.000000E-002,5.000000E-002,5.000000E-002,5.000000E-002,5.000000E-002,5.000000E-002,5.000000E-002,5.000000E-002,5.000000E-002,4.999999E-002,4.999999E-002,4.999997E-002,4.999996E-002,4.999993E-002,4.999991E-002,4.999990E-002,4.999989E-002,4.999990E-002,4.999991E-002,4.999993E-002,4.999996E-002,4.999997E-002,4.999999E-002,4.999999E-002,5.000000E-002,5.000000E-002,5.000000E-002,5.000000E-002,5.000000E-002,5.000000E-002,5.000000E-002,5.000000E-002,5.000000E-002,5.000000E-002,5.000000E-002,5.000000E-002,5.000000E-002,5.000000E-002,5.000000E-002,5.000000E-002,5.000000E-002,5.000000E-002,5.000000E-002,5.000000E-002,5.000000E-002,5.000000E-002,5.000000E-002,5.000000E-002,5.000000E-002,5.000000E-002,5.000000E-002,5.000000E-002,5.000000E-002,5.000000E-002,5.000000E-002
5.000000E-002,5.000000E-002,5.000000E-002,5.000000E-002,5.000000E-002,5.000000E-002,5.000000E-002,5.000000E-002,5.000000E-002,5.000000E-002,5.000000E-002,5.000000E-002,5.000000E-002,5.000000E-002,5.000000E-002,5.000000E-002,5.000000E-002,5.000000E-002,5.000000E-002,5.000000E-002,5.000000E-002,5.000000E-002,5.000000E-002,5.000000E-002,5.000000E-002,5.000000E-002,5.000000E-002,5.000000E-002,5.000000E-002,5.000000E-002,5.000000E-002,5.000000E-002,5.000000E-002,5.000000E-002,5.000000E-002,5.000000E-002,5.000000E-002,5.000000E-002,5.000000E-002,5.000000E-002,5.000000E-002,5.000000E-002,5.000000E-002,5.000000E-002,5.000000E-002,5.000000E-002,5.000000E-002,5.000000E-002,5.000000E-002,5.000000E-002,5.000000E-002,5.000000E-002,5.000000E-002,5.000000E-002,5.000000E-002,5.000000E-002,5.000000E-002,5.000000E-002,5.000000E-002,5.000000E-002,5.000000E-002,5.000000E-002,5.000000E-002,5.000000E-002,5.000000E-002,5.000000E-002,5.000000E-002,5.000000E-002,5.000000E-002,5.000000E-002,5.000000E-002,5.000000E-002,5.000000E-002,5.000000E-002,5.000000E-002,5.000000E-002,5.000000E-002,5.000000E-002,5.000000E-002,5.000000E-002,4.999999E-002,4.999998E-002,4.999996E-002,4.999993E-002,4.999986E-002,4.999978E-002,4.999967E-002,4.999956E-002,4.999948E-002,4.999945E-002,4.999948E-002,4.999956E-002,4.999967E-002,4.999978E-002,4.999986E-002,4.999993E-002,4.999996E-002,4.999998E-002,4.999999E-002,5.000000E-002,5.000000E-002,5.000000E-002,5.000000E-002,5.000000E-002,5.000000E-002,5.000000E-002,5.000000E-002,5.000000E-002,5.000000E-002,5.000000E-002,5.000000E-002,5.000000E-002,5.000000E-002,5.000000E-002,5.000000E-002,5.000000E-002,5.000000E-002,5.000000E-002,5.000000E-002,5.000000E-002,5.000000E-002,5.000000E-002,5.000000E-002,5.000000E-002,5.000000E-002,5.000000E-002,5.000000E-002,5.000000E-002
5.000000E-002,5.000000E-002,5.000000E-002,5.000000E-002,5.000000E-002,5.000000E-002,5.000000E-002,5.000000E-002,5.000000E-002,5.000000E-002,5.000000E-002,5.000000E-002,5.000000E-002,5.000000E-002,5.000000E-002,5.000000E-002,5.000000E-002,5.000000E-002,5.000000E-002,5.000000E-002,5.000000E-002,5.000000E-002,5.000000E-002,5.000000E-002,5.000000E-002,5.000000E-002,5.000000E-002,5.000000E-002,5.000000E-002,5.000000E-002,5.000000E-002,5.000000E-002,5.000000E-002,5.000000E-002,5.000000E-002,5.000000E-002,5.000000E-002,5.000000E-002,5.000000E-002,5.000000E-002,5.000000E-002,5.000000E-002,5.000000E-002,5.000000E-002,5.000000E-002,5.000000E-002,5.000000E-002,5.000000E-002,5.000000E-002,5.000000E-002,5.000000E-002,5.000000E-002,5.000000E-002,5.000000E-002,5.000000E-002,5.000000E-002,5.000000E-002,5.000000E-002,5.000000E-002,5.000000E-002,5.000000E-002,5.000000E-002,5.000000E-002,5.000000E-002,5.000000E-002,5.000000E-002,5.000000E-002,5.000000E-002,5.000000E-002,5.000000E-002,5.000000E-002,5.000000E-002,5.000000E-002,5.000000E-002,5.000000E-002,5.000000E-002,5.000000E-002,5.000000E-002,5.000000E-002,4.999999E-002,4.999997E-002,4.999993E-002,4.999984E-002,4.999967E-002,4.999939E-002,4.999899E-002,4.999852E-002,4.999804E-002,4.999768E-002,4.999755E-002,4.999768E-002,4.999804E-002,4.999852E-002,4.999899E-002,4.999939E-002,4.999967E-002,4.999984E-002,4.999993E-002,4.999997E-002,4.999999E-002,5.000000E-002,5.000000E-002,5.000000E-002,5.000000E-002,5.000000E-002,5.000000E-002,5.000000E-002,5.000000E-002,5.000000E-002,5.000000E-002,5.000000E-002,5.000000E-002,5.000000E-002,5.000000E-002,5.000000E-002,5.000000E-002,5.000000E-002,5.000000E-002,5.000000E-002,5.000000E-002,5.000000E-002,5.000000E-002,5.000000E-002,5.000000E-002,5.000000E-002,5.000000E-002,5.000000E-002,5.000000E-002
5.000000E-002,5.000000E-002,5.000000E-002,5.000000E-002,5.000000E-002,5.000000E-002,5.000000E-002,5.000000E-002,5.000000E-002,5.000000E-002,5.000000E-002,5.000000E-002,5.000000E-002,5.000000E-002,5.000000E-002,5.000000E-002,5.000000E-002,5.000000E-002,5.000000E-002,5.000000E-002,5.000000E-002,5.000000E-002,5.000000E-002,5.000000E-002,5.000000E-002,5.000000E-002,5.000000E-002,5.000000E-002,5.000000E-002,5.000000E-002,5.000000E-002,5.000000E-002,5.000000E-002,5.000000E-002,5.000000E-002,5.000000E-002,5.000000E-002,5.000000E-002,5.000000E-002,5.000000E-002,5.000000E-002,5.000000E-002,5.000000E-002,5.000000E-002,5.000000E-002,5.000000E-002,5.000000E-002,5.000000E-002,5.000000E-002,5.000000E-002,5.000000E-002,5.000000E-002,5.000000E-002,5.000000E-002,5.000000E-002,5.000000E-002,5.000000E-002,5.000000E-002,5.000000E-002,5.000000E-002,5.000000E-002,5.000000E-002,5.000000E-002,5.000000E-002,5.000000E-002,5.000000E-002,5.000000E-002,5.000000E-002,5.000000E-002,5.000000E-002,5.000000E-002,5.000000E-002,5.000000E-002,5.000000E-002,5.000000E-002,5.000000E-002,5.000000E-002,5.000000E-002,4.999999E-002,4.999996E-002,4.999989E-002,4.999972E-002,4.999935E-002,4.999867E-002,4.999755E-002,4.999596E-002,4.999405E-002,4.999214E-002,4.999071E-002,4.999018E-002,4.999071E-002,4.999214E-002,4.999405E-002,4.999596E-002,4.999755E-002,4.999867E-002,4.999935E-002,4.999972E-002,4.999989E-002,4.999996E-002,4.999999E-002,5.000000E-002,5.000000E-002,5.000000E-002,5.000000E-002,5.000000E-002,5.000000E-002,5.000000E-002,5.000000E-002,5.000000E-002,5.000000E-002,5.000000E-002,5.000000E-002,5.000000E-002,5.000000E-002,5.000000E-002,5.000000E-002,5.000000E-002,5.000000E-002,5.000000E-002,5.000000E-002,5.000000E-002,5.000000E-002,5.000000E-002,5.000000E-002,5.000000E-002,5.000000E-002,5.000000E-002
5.000000E-002,5.000000E-002,5.000000E-002,5.000000E-002,5.000000E-002,5.000000E-002,5.000000E-002,5.000000E-002,5.000000E-002,5.000000E-002,5.000000E-002,5.000000E-002,5.000000E-002,5.000000E-002,5.000000E-002,5.000000E-002,5.000000E-002,5.000000E-002,5.000000E-002,5.000000E-002,5.000000E-002,5.000000E-002,5.000000E-002,5.000000E-002,5.000000E-002,5.000000E-002,5.000000E-002,5.000000E-002,5.000000E-002,5.000000E-002,5.000000E-002,5.000000E-002,5.000000E-002,5.000000E-002,5.000000E-002,5.000000E-002,5.000000E-002,5.000000E-002,5.000000E-002,5.000000E-002,5.000000E-002,5.000000E-002,5.000000E-002,5.000000E-002,5.000000E-002,5.000000E-002,5.000000E-002,5.000000E-002,5.000000E-002,5.000000E-002,5.000000E-002,5.000000E-002,5.000000E-002,5.000000E-002,5.000000E-002,5.000000E-002,5.000000E-002,5.000000E-002,5.000000E-002,5.000000E-002,5.000000E-002,5.000000E-002,5.000000E-002,5.000000E-002,5.000000E-002,5.000000E-002,5.000000E-002,5.000000E-002,5.000000E-002,5.000000E-002,5.000000E-002,5.000000E-002,5.000000E-002,5.000000E-002,5.000000E-002,5.000000E-002,5.000000E-002,4.999999E-002,4.999996E-002,4.999986E-002,4.999961E-002,4.999899E-002,4.999768E-002,4.999523E-002,4.999122E-002,4.998552E-002,4.997863E-002,4.997179E-002,4.996668E-002,4.996477E-002,4.996668E-002,4.997179E-002,4.997863E-002,4.998552E-002,4.999122E-002,4.999523E-002,4.999768E-002,4.999899E-002,4.999961E-002,4.999986E-002,4.999996E-002,4.999999E-002,5.000000E-002,5.000000E-002,5.000000E-002,5.000000E-002,5.000000E-002,5.000000E-002,5.000000E-002,5.000000E-002,5.000000E-002,5.000000E-002,5.000000E-002,5.000000E-002,5.000000E-002,5.000000E-002,5.000000E-002,5.000000E-002,5.000000E-002,5.000000E-002,5.000000E-002,5.000000E-002,5.000000E-002,5.000000E-002,5.000000E-002,5.000000E-002,5.000000E-002,5.000000E-002
5.000000E-002,5.000000E-002,5.000000E-002,5.000000E-002,5.000000E-002,5.000000E-002,5.000000E-002,5.000000E-002,5.000000E-002,5.000000E-002,5.000000E-002,5.000000E-002,5.000000E-002,5.000000E-002,5.000000E-002,5.000000E-002,5.000000E-002,5.000000E-002,5.000000E-002,5.000000E-002,5.000000E-002,5.000000E-002,5.000000E-002,5.000000E-002,5.000000E-002,5.000000E-002,5.000000E-002,5.000000E-002,5.000000E-002,5.000000E-002,5.000000E-002,5.000000E-002,5.000000E-002,5.000000E-002,5.000000E-002,5.000000E-002,5.000000E-002,5.000000E-002,5.000000E-002,5.000000E-002,5.000000E-002,5.000000E-002,5.000000E-002,5.000000E-002,5.000000E-002,5.000000E-002,5.000000E-002,5.000000E-002,5.000000E-002,5.000000E-002,5.000000E-002,5.000000E-002,5.000000E-002,5.000000E-002,5.000000E-002,5.000000E-002,5.000000E-002,5.000000E-002,5.000000E-002,5.000000E-002,5.000000E-002,5.000000E-002,5.000000E-002,5.000000E-002,5.000000E-002,5.000000E-002,5.000000E-002,5.000000E-002,5.000000E-002,5.000000E-002,5.000000E-002,5.000000E-002,5.000000E-002,5.000000E-002,5.000000E-002,5.000000E-002,4.999999E-002,4.999996E-002,4.999986E-002,4.999956E-002,4.999874E-002,4.999677E-002,4.999256E-002,4.998469E-002,4.997179E-002,4.995350E-002,4.993139E-002,4.990942E-002,4.989299E-002,4.988688E-002,4.989299E-002,4.990942E-002,4.993139E-002,4.995350E-002,4.997179E-002,4.998469E-002,4.999256E-002,4.999677E-002,4.999874E-002,4.999956E-002,4.999986E-002,4.999996E-002,4.999999E-002,5.000000E-002,5.000000E-002,5.000000E-002,5.000000E-002,5.000000E-002,5.000000E-002,5.000000E-002,5.000000E-002,5.000000E-002,5.000000E-002,5.000000E-002,5.000000E-002,5.000000E-002,5.000000E-002,5.000000E-002,5.000000E-002,5.000000E-002,5.000000E-002,5.000000E-002,5.000000E-002,5.000000E-002,5.000000E-002,5.000000E-002,5.000000E-002,5.000000E-002
5.000000E-002,5.000000E-002,5.000000E-002,5.000000E-002,5.000000E-002,5.000000E-002,5.000000E-002,5.000000E-002,5.000000E-002,5.000000E-002,5.000000E-002,5.000000E-002,5.000000E-002,5.000000E-002,5.000000E-002,5.000000E-002,5.000000E-002,5.000000E-002,5.000000E-002,5.000000E-002,5.000000E-002,5.000000E-002,5.000000E-002,5.000000E-002,5.000000E-002,5.000000E-002,5.000000E-002,5.000000E-002,5.000000E-002,5.000000E-002,5.000000E-002,5.000000E-002,5.000000E-002,5.000000E-002,5.000000E-002,5.000000E-002,5.000000E-002,5.000000E-002,5.000000E-002,5.000000E-002,5.000000E-002,5.000000E-002,5.000000E-002,5.000000E-002,5.000000E-002,5.000000E-002,5.000000E-002,5.000000E-002,5.000000E-002,5.000000E-002,5.000000E-002,5.000000E-002,5.000000E-002,5.000000E-002,5.000000E-002,5.000000E-002,5.000000E-002,5.000000E-002,5.000000E-002,5.000000E-002,5.000000E-002,5.000000E-002,5.000000E-002,5.000000E-002,5.000000E-002,5.000000E-002,5.000000E-002,5.000000E-002,5.000000E-002,5.000000E-002,5.000000E-002,5.000000E-002,5.000000E-002,5.000000E-002,5.000000E-002,4.999999E-002,4.999997E-002,4.999989E-002,4.999961E-002,4.999874E-002,4.999639E-002,4.999071E-002,4.997863E-002,4.995601E-002,4.991895E-002,4.986637E-002,4.980284E-002,4.973972E-002,4.969251E-002,4.967495E-002,4.969251E-002,4.973972E-002,4.980284E-002,4.986637E-002,4.991895E-002,4.995601E-002,4.997863E-002,4.999071E-002,4.999639E-002,4.999874E-002,4.999961E-002,4.999989E-002,4.999997E-002,4.999999E-002,5.000000E-002,5.000000E-002,5.000000E-002,5.000000E-002,5.000000E-002,5.000000E-002,5.000000E-002,5.000000E-002,5.000000E-002,5.000000E-002,5.000000E-002,5.000000E-002,5.000000E-002,5.000000E-002,5.000000E-002,5.000000E-002,5.000000E-002,5.000000E-002,5.000000E-002,5.000000E-002,5.000000E-002,5.000000E-002,5.000000E-002,5.000000E-002
5.000000E-002,5.000000E-002,5.000000E-002,5.000000E-002,5.000000E-002,5.000000E-002,5.000000E-002,5.000000E-002,5.000000E-002,5.000000E-002,5.000000E-002,5.000000E-002,5.000000E-002,5.000000E-002,5.000000E-002,5.000000E-002,5.000000E-002,5.000000E-002,5.000000E-002,5.000000E-002,5.000000E-002,5.000000E-002,5.000000E-002,5.000000E-002,5.000000E-002,5.000000E-002,5.000000E-002,5.000000E-002,5.000000E-002,5.000000E-002,5.000000E-002,5.000000E-002,5.000000E-002,5.000000E-002,5.000000E-002,5.000000E-002,5.000000E-002,5.000000E-002,5.000000E-002,5.000000E-002,5.000000E-002,5.000000E-002,5.000000E-002,5.000000E-002,5.000000E-002,5.000000E-002,5.000000E-002,5.000000E-002,5.000000E-002,5.000000E-002,5.000000E-002,5.000000E-002,5.000000E-002,5.000000E-002,5.000000E-002,5.000000E-002,5.000000E-002,5.000000E-002,5.000000E-002,5.000000E-002,5.000000E-002,5.000000E-002,5.000000E-002,5.000000E-002,5.000000E-002,5.000000E-002,5.000000E-002,5.000000E-002,5.000000E-002,5.000000E-002,5.000000E-002,5.000000E-002,5.000000E-002,5.000000E-002,5.000000E-002,4.999998E-002,4.999993E-002,4.999972E-002,4.999899E-002,4.999677E-002,4.999071E-002,4.997612E-002,4.994506E-002,4.988688E-002,4.979158E-002,4.965638E-002,4.949304E-002,4.933071E-002,4.920933E-002,4.916416E-002,4.920933E-002,4.933071E-002,4.949304E-002,4.965638E-002,4.979158E-002,4.988688E-002,4.994506E-002,4.997612E-002,4.999071E-002,4.999677E-002,4.999899E-002,4.999972E-002,4.999993E-002,4.999998E-002,5.000000E-002,5.000000E-002,5.000000E-002,5.000000E-002,5.000000E-002,5.000000E-002,5.000000E-002,5.000000E-002,5.000000E-002,5.000000E-002,5.000000E-002,5.000000E-002,5.000000E-002,5.000000E-002,5.000000E-002,5.000000E-002,5.000000E-002,5.000000E-002,5.000000E-002,5.000000E-002,5.000000E-002,5.000000E-002,5.000000E-002,5.000000E-002
5.000000E-002,5.000000E-002,5.000000E-002,5.000000E-002,5.000000E-002,5.000000E-002,5.000000E-002,5.000000E-002,5.000000E-002,5.000000E-002,5.000000E-002,5.000000E-002,5.000000E-002,5.000000E-002,5.000000E-002,5.000000E-002,5.000000E-002,5.000000E-002,5.000000E-002,5.000000E-002,5.000000E-002,5.000000E-002,5.000000E-002,5.000000E-002,5.000000E-002,5.000000E-002,5.000000E-002,5.000000E-002,5.000000E-002,5.000000E-002,5.000000E-002,5.000000E-002,5.000000E-002,5.000000E-002,5.000000E-002,5.000000E-002,5.000000E-002,5.000000E-002,5.000000E-002,5.000000E-002,5.000000E-002,5.000000E-002,5.000000E-002,5.000000E-002,5.000000E-002,5.000000E-002,5.000000E-002,5.000000E-002,5.000000E-002,5.000000E-002,5.000000E-002,5.000000E-002,5.000000E-002,5.000000E-002,5.000000E-002,5.000000E-002,5.000000E-002,5.000000E-002,5.000000E-002,5.000000E-002,5.000000E-002,5.000000E-002,5.000000E-002,5.000000E-002,5.000000E-002,5.000000E-002,5.000000E-002,5.000000E-002,5.000000E-002,5.000000E-002,5.000000E-002,5.000000E-002,5.000000E-002,5.000000E-002,4.999999E-002,4.999996E-002,4.999984E-002,4.999935E-002,4.999768E-002,4.999256E-002,4.997863E-002,4.994506E-002,4.987359E-002,4.973972E-002,4.952044E-002,4.920933E-002,4.883349E-002,4.845999E-002,4.818069E-002,4.807676E-002,4.818069E-002,4.845999E-002,4.883349E-002,4.920933E-002,4.952044E-002,4.973972E-002,4.987359E-002,4.994506E-002,4.997863E-002,4.999256E-002,4.999768E-002,4.999935E-002,4.999984E-002,4.999996E-002,4.999999E-002,5.000000E-002,5.000000E-002,5.000000E-002,5.000000E-002,5.000000E-002,5.000000E-002,5.000000E-002,5.000000E-002,5.000000E-002,5.000000E-002,5.000000E-002,5.000000E-002,5.000000E-002,5.000000E-002,5.000000E-002,5.000000E-002,5.000000E-002,5.000000E-002,5.000000E-002,5.000000E-002,5.000000E-002,5.000000E-002,5.000000E-002
5.000000E-002,5.000000E-002,5.000000E-002,5.000000E-002,5.000000E-002,5.000000E-002,5.000000E-002,5.000000E-002,5.000000E-002,5.000000E-002,5.000000E-002,5.000000E-002,5.000000E-002,5.000000E-002,5.000000E-002,5.000000E-002,5.000000E-002,5.000000E-002,5.000000E-002,5.000000E-002,5.000000E-002,5.000000E-002,5.000000E-002,5.000000E-002,5.000000E-002,5.000000E-002,5.000000E-002,5.000000E-002,5.000000E-002,5.000000E-002,5.000000E-002,5.000000E-002,5.000000E-002,5.000000E-002,5.000000E-002,5.000000E-002,5.000000E-002,5.000000E-002,5.000000E-002,5.000000E-002,5.000000E-002,5.000000E-002,5.000000E-002,5.000000E-002,5.000000E-002,5.000000E-002,5.000000E-002,5.000000E-002,5.000000E-002,5.000000E-002,5.000000E-002,5.000000E-002,5.000000E-002,5.000000E-002,5.000000E-002,5.000000E-002,5.000000E-002,5.000000E-002,5.000000E-002,5.000000E-002,5.000000E-002,5.000000E-002,5.000000E-002,5.000000E-002,5.000000E-002,5.000000E-002,5.000000E-002,5.000000E-002,5.000000E-002,5.000000E-002,5.000000E-002,5.000000E-002,5.000000E-002,5.000000E-002,4.999999E-002,4.999993E-002,4.999967E-002,4.999867E-002,4.999523E-002,4.998469E-002,4.995601E-002,4.988688E-002,4.973972E-002,4.946408E-002,4.901257E-002,4.837201E-002,4.759816E-002,4.682911E-002,4.625403E-002,4.604004E-002,4.625403E-002,4.682911E-002,4.759816E-002,4.837201E-002,4.901257E-002,4.946408E-002,4.973972E-002,4.988688E-002,4.995601E-002,4.998469E-002,4.999523E-002,4.999867E-002,4.999967E-002,4.999993E-002,4.999999E-002,5.000000E-002,5.000000E-002,5.000000E-002,5.000000E-002,5.000000E-002,5.000000E-002,5.000000E-002,5.000000E-002,5.000000E-002,5.000000E-002,5.000000E-002,5.000000E-002,5.000000E-002,5.000000E-002,5.000000E-002,5.000000E-002,5.000000E-002,5.000000E-002,5.000000E-002,5.000000E-002,5.000000E-002,5.000000E-002,5.000000E-002
5.000000E-002,5.000000E-002,5.000000E-002,5.000000E-002,5.000000E-002,5.000000E-002,5.000000E-002,5.000000E-002,5.000000E-002,5.000000E-002,5.000000E-002,5.000000E-002,5.000000E-002,5.000000E-002,5.000000E-002,5.000000E-002,5.000000E-002,5.000000E-002,5.000000E-002,5.000000E-002,5.000000E-002,5.000000E-002,5.000000E-002,5.000000E-002,5.000000E-002,5.000000E-002,5.000000E-002,5.000000E-002,5.000000E-002,5.000000E-002,5.000000E-002,5.000000E-002,5.000000E-002,5.000000E-002,5.000000E-002,5.000000E-002,5.000000E-002,5.000000E-002,5.000000E-002,5.000000E-002,5.000000E-002,5.000000E-002,5.000000E-002,5.000000E-002,5.000000E-002,5.000000E-002,5.000000E-002,5.000000E-002,5.000000E-002,5.000000E-002,5.000000E-002,5.000000E-002,5.000000E-002,5.000000E-002,5.000000E-002,5.000000E-002,5.000000E-002,5.000000E-002,5.000000E-002,5.000000E-002,5.000000E-002,5.000000E-002,5.000000E-002,5.000000E-002,5.000000E-002,5.000000E-002,5.000000E-002,5.000000E-002,5.000000E-002,5.000000E-002,5.000000E-002,5.000000E-002,5.000000E-002,5.000000E-002,4.999997E-002,4.999986E-002,4.999939E-002,4.999755E-002,4.999122E-002,4.997179E-002,4.991895E-002,4.979158E-002,4.952044E-002,4.901257E-002,4.818069E-002,4.700046E-002,4.557466E-002,4.415770E-002,4.309814E-002,4.270385E-002,4.309814E-002,4.415770E-002,4.557466E-002,4.700046E-002,4.818069E-002,4.901257E-002,4.952044E-002,4.979158E-002,4.991895E-002,4.997179E-002,4.999122E-002,4.999755E-002,4.999939E-002,4.999986E-002,4.999997E-002,4.999999E-002,5.000000E-002,5.000000E-002,5.000000E-002,5.000000E-002,5.000000E-002,5.000000E-002,5.000000E-002,5.000000E-002,5.000000E-002,5.000000E-002,5.000000E-002,5.000000E-002,5.000000E-002,5.000000E-002,5.000000E-002,5.000000E-002,5.000000E-002,5.000000E-002,5.000000E-002,5.000000E-002,5.000000E-002,5.000000E-002
5.000000E-002,5.000000E-002,5.000000E-002,5.000000E-002,5.000000E-002,5.000000E-002,5.000000E-002,5.000000E-002,5.000000E-002,5.000000E-002,5.000000E-002,5.000000E-002,5.000000E-002,5.000000E-002,5.000000E-002,5.000000E-002,5.000000E-002,5.000000E-002,5.000000E-002,5.000000E-002,5.000000E-002,5.000000E-002,5.000000E-002,5.000000E-002,5.000000E-002,5.000000E-002,5.000000E-002,5.000000E-002,5.000000E-002,5.000000E-002,5.000000E-002,5.000000E-002,5.000000E-002,5.000000E-002,5.000000E-002,5.000000E-002,5.000000E-002,5.000000E-002,5.000000E-002,5.000000E-002,5.000000E-002,5.000000E-002,5.000000E-002,5.000000E-002,5.000000E-002,5.000000E-002,5.000000E-002,5.000000E-002,5.000000E-002,5.000000E-002,5.000000E-002,5.000000E-002,5.000000E-002,5.000000E-002,5.000000E-002,5.000000E-002,5.000000E-002,5.000000E-002,5.000000E-002,5.000000E-002,5.000000E-002,5.000000E-002,5.000000E-002,5.000000E-002,5.000000E-002,5.000000E-002,5.000000E-002,5.000000E-002,5.000000E-002,5.000000E-002,5.000000E-002,5.000000E-002,5.000000E-002,4.999999E-002,4.999996E-002,4.999978E-002,4.999899E-002,4.999596E-002,4.998552E-002,4.995350E-002,4.986637E-002,4.965638E-002,4.920933E-002,4.837201E-002,4.700046E-002,4.505460E-002,4.270385E-002,4.036768E-002,3.862076E-002,3.797069E-002,3.862076E-002,4.036768E-002,4.270385E-002,4.505460E-002,4.700046E-002,4.837201E-002,4.920933E-002,4.965638E-002,4.986637E-002,4.995350E-002,4.998552E-002,4.999596E-002,4.999899E-002,4.999978E-002,4.999995E-002,4.999999E-002,5.000000E-002,4.999999E-002,4.999999E-002,4.999999E-002,4.999998E-002,4.999998E-002,4.999998E-002,4.999998E-002,4.999998E-002,4.999999E-002,4.999999E-002,5.000000E-002,5.000000E-002,5.000000E-002,5.000000E-002,5.000000E-002,5.000000E-002,5.000000E-002,5.000000E-002,5.000000E-002,5.000000E-002,5.000000E-002
5.000000E-002,5.000000E-002,5.000000E-002,5.000000E-002,5.000000E-002,5.000000E-002,5.000000E-002,5.000000E-002,5.000000E-002,5.000000E-002,5.000000E-002,5.000000E-002,5.000000E-002,5.000000E-002,5.000000E-002,5.000000E-002,5.000000E-002,5.000000E-002,5.000000E-002,5.000000E-002,5.000000E-002,5.000000E-002,5.000000E-002,5.000000E-002,5.000000E-002,5.000000E-002,5.000000E-002,5.000000E-002,5.000000E-002,5.000000E-002,5.000000E-002,5.000000E-002,5.000000E-002,5.000000E-002,5.000000E-002,5.000000E-002,5.000000E-002,5.000000E-002,5.000000E-002,5.000000E-002,5.000000E-002,5.000000E-002,5.000000E-002,5.000000E-002,5.000000E-002,5.000000E-002,5.000000E-002,5.000000E-002,5.000000E-002,5.000000E-002,5.000000E-002,5.000000E-002,5.000000E-002,5.000000E-002,5.000000E-002,5.000000E-002,5.000000E-002,5.000000E-002,5.000000E-002,5.000000E-002,5.000000E-002,5.000000E-002,5.000000E-002,5.000000E-002,5.000000E-002,5.000000E-002,5.000000E-002,5.000000E-002,5.000000E-002,5.000000E-002,5.000000E-002,5.000000E-002,5.000000E-002,4.999999E-002,4.999993E-002,4.999967E-002,4.999852E-002,4.999405E-002,4.997863E-002,4.993139E-002,4.980284E-002,4.949304E-002,4.883349E-002,4.759816E-002,4.557466E-002,4.270385E-002,3.923570E-002,3.578905E-002,3.321174E-002,3.225267E-002,3.321174E-002,3.578905E-002,3.923570E-002,4.270385E-002,4.557466E-002,4.759816E-002,4.883349E-002,4.949304E-002,4.980284E-002,4.993139E-002,4.997863E-002,4.999405E-002,4.999852E-002,4.999967E-002,4.999993E-002,4.999998E-002,4.999998E-002,4.999997E-002,4.999995E-002,4.999993E-002,4.999991E-002,4.999990E-002,4.999989E-002,4.999990E-002,4.999991E-002,4.999993E-002,4.999996E-002,4.999997E-002,4.999999E-002,4.999999E-002,5.000000E-002,5.000000E-002,5.000000E-002,5.000000E-002,5.000000E-002,5.000000E-002,5.000000E-002,5.000000E-002
5.000000E-002,5.000000E-002,5.000000E-002,5.000000E-002,5.000000E-002,5.000000E-002,5.000000E-002,5.000000E-002,5.000000E-002,5.000000E-002,5.000000E-002,5.000000E-002,5.000000E-002,5.000000E-002,5.000000E-002,5.000000E-002,5.000000E-002,5.000000E-002,5.000000E-002,5.000000E-002,5.000000E-002,5.000000E-002,5.000000E-002,5.000000E-002,5.000000E-002,5.000000E-002,5.000000E-002,5.000000E-002,5.000000E-002,5.000000E-002,5.000000E-002,5.000000E-002,5.000000E-002,5.000000E-002,5.000000E-002,5.000000E-002,5.000000E-002,5.000000E-002,5.000000E-002,5.000000E-002,5.000000E-002,5.000000E-002,5.000000E-002,5.000000E-002,5.000000E-002,5.000000E-002,5.000000E-002,5.000000E-002,5.000000E-002,5.000000E-002,5.000000E-002,5.000000E-002,5.000000E-002,5.000000E-002,5.000000E-002,5.000000E-002,5.000000E-002,5.000000E-002,5.000000E-002,5.000000E-002,5.000000E-002,5.000000E-002,5.000000E-002,5.000000E-002,5.000000E-002,5.000000E-002,5.000000E-002,5.000000E-002,5.000000E-002,5.000000E-002,5.000000E-002,5.000000E-002,5.000000E-002,4.999998E-002,4.999991E-002,4.999956E-002,4.999804E-002,4.999214E-002,4.997179E-002,4.990942E-002,4.973972E-002,4.933071E-002,4.845999E-002,4.682911E-002,4.415770E-002,4.036768E-002,3.578905E-002,3.123880E-002,2.783627E-002,2.657010E-002,2.783627E-002,3.123880E-002,3.578905E-002,4.036768E-002,4.415770E-002,4.682911E-002,4.845999E-002,4.933071E-002,4.973972E-002,4.990942E-002,4.997179E-002,4.999214E-002,4.999804E-002,4.999956E-002,4.999990E-002,4.999995E-002,4.999992E-002,4.999986E-002,4.999977E-002,4.999967E-002,4.999956E-002,4.999948E-002,4.999945E-002,4.999948E-002,4.999956E-002,4.999967E-002,4.999977E-002,4.999986E-002,4.999993E-002,4.999996E-002,4.999998E-002,4.999999E-002,5.000000E-002,5.000000E-002,5.000000E-002,5.000000E-002,5.000000E-002,5.000000E-002
5.000000E-002,5.000000E-002,5.000000E-002,5.000000E-002,5.000000E-002,5.000000E-002,5.000000E-002,5.000000E-002,5.000000E-002,5.000000E-002,5.000000E-002,5.000000E-002,5.000000E-002,5.000000E-002,5.000000E-002,5.000000E-002,5.000000E-002,5.000000E-002,5.000000E-002,5.000000E-002,5.000000E-002,5.000000E-002,5.000000E-002,5.000000E-002,5.000000E-002,5.000000E-002,5.000000E-002,5.000000E-002,5.000000E-002,5.000000E-002,5.000000E-002,5.000000E-002,5.000000E-002,5.000000E-002,5.000000E-002,5.000000E-002,5.000000E-002,5.000000E-002,5.000000E-002,5.000000E-002,5.000000E-002,5.000000E-002,5.000000E-002,5.000000E-002,5.000000E-002,5.000000E-002,5.000000E-002,5.000000E-002,5.000000E-002,5.000000E-002,5.000000E-002,5.000000E-002,5.000000E-002,5.000000E-002,5.000000E-002,5.000000E-002,5.000000E-002,5.000000E-002,5.000000E-002,5.000000E-002,5.000000E-002,5.000000E-002,5.000000E-002,5.000000E-002,5.000000E-002,5.000000E-002,5.000000E-002,5.000000E-002,5.000000E-002,5.000000E-002,5.000000E-002,5.000000E-002,5.000000E-002,4.999998E-002,4.999990E-002,4.999948E-002,4.999768E-002,4.999071E-002,4.996668E-002,4.989299E-002,4.969251E-002,4.920933E-002,4.818069E-002,4.625403E-002,4.309814E-002,3.862076E-002,3.321174E-002,2.783627E-002,2.381664E-002,2.232084E-002,2.381664E-002,2.783627E-002,3.321174E-002,3.862076E-002,4.309814E-002,4.625403E-002,4.818069E-002,4.920933E-002,4.969251E-002,4.989299E-002,4.996668E-002,4.999071E-002,4.999768E-002,4.999946E-002,4.999983E-002,4.999982E-002,4.999966E-002,4.999938E-002,4.999898E-002,4.999850E-002,4.999802E-002,4.999767E-002,4.999753E-002,4.999767E-002,4.999803E-002,4.999851E-002,4.999899E-002,4.999939E-002,4.999967E-002,4.999984E-002,4.999993E-002,4.999997E-002,4.999999E-002,5.000000E-002,5.000000E-002,5.000000E-002,5.000000E-002,5.000000E-002
5.000000E-002,5.000000E-002,5.000000E-002,5.000000E-002,5.000000E-002,5.000000E-002,5.000000E-002,5.000000E-002,5.000000E-002,5.000000E-002,5.000000E-002,5.000000E-002,5.000000E-002,5.000000E-002,5.000000E-002,5.000000E-002,5.000000E-002,5.000000E-002,5.000000E-002,5.000000E-002,5.000000E-002,5.000000E-002,5.000000E-002,5.000000E-002,5.000000E-002,5.000000E-002,5.000000E-002,5.000000E-002,5.000000E-002,5.000000E-002,5.000000E-002,5.000000E-002,5.000000E-002,5.000000E-002,5.000000E-002,5.000000E-002,5.000000E-002,5.000000E-002,5.000000E-002,5.000000E-002,5.000000E-002,5.000000E-002,5.000000E-002,5.000000E-002,5.000000E-002,5.000000E-002,5.000000E-002,5.000000E-002,5.000000E-002,5.000000E-002,5.000000E-002,5.000000E-002,5.000000E-002,5.000000E-002,5.000000E-002,5.000000E-002,5.000000E-002,5.000000E-002,5.000000E-002,5.000000E-002,5.000000E-002,5.000000E-002,5.000000E-002,5.000000E-002,5.000000E-002,5.000000E-002,5.000000E-002,5.000000E-002,5.000000E-002,5.000000E-002,5.000000E-002,5.000000E-002,5.000000E-002,4.999998E-002,4.999989E-002,4.999945E-002,4.999755E-002,4.999018E-002,4.996477E-002,4.988688E-002,4.967495E-002,4.916416E-002,4.807676E-002,4.604004E-002,4.270385E-002,3.797069E-002,3.225267E-002,2.657010E-002,2.232084E-002,2.073960E-002,2.232084E-002,2.657010E-002,3.225267E-002,3.797069E-002,4.270385E-002,4.604004E-002,4.807676E-002,4.916416E-002,4.967495E-002,4.988688E-002,4.996477E-002,4.999017E-002,4.999751E-002,4.999934E-002,4.999960E-002,4.999932E-002,4.999864E-002,4.999751E-002,4.999590E-002,4.999396E-002,4.999204E-002,4.999061E-002,4.999008E-002,4.999063E-002,4.999207E-002,4.999400E-002,4.999594E-002,4.999754E-002,4.999866E-002,4.999935E-002,4.999972E-002,4.999989E-002,4.999996E-002,4.999999E-002,5.000000E-002,5.000000E-002,5.000000E-002,5.000000E-002
5.000000E-002,5.000000E-002,5.000000E-002,5.000000E-002,5.000000E-002,5.000000E-002,5.000000E-002,5.000000E-002,5.000000E-002,5.000000E-002,5.000000E-002,5.000000E-002,5.000000E-002,5.000000E-002,5.000000E-002,5.000000E-002,5.000000E-002,5.000000E-002,5.000000E-002,5.000000E-002,5.000000E-002,5.000000E-002,5.000000E-002,5.000000E-002,5.000000E-002,5.000000E-002,5.000000E-002,5.000000E-002,5.000000E-002,5.000000E-002,5.000000E-002,5.000000E-002,5.000000E-002,5.000000E-002,5.000000E-002,5.000000E-002,5.000000E-002,5.000000E-002,5.000000E-002,5.000000E-002,5.000000E-002,5.000000E-002,5.000000E-002,5.000000E-002,5.000000E-002,5.000000E-002,5.000000E-002,5.000000E-002,5.000000E-002,5.000000E-002,5.000000E-002,5.000000E-002,5.000000E-002,5.000000E-002,5.000000E-002,5.000000E-002,5.000000E-002,5.000000E-002,5.000000E-002,5.000000E-002,5.000000E-002,5.000000E-002,5.000000E-002,5.000000E-002,5.000000E-002,5.000000E-002,5.000000E-002,5.000000E-002,5.000000E-002,5.000000E-002,5.000000E-002,5.000000E-002,5.000000E-002,4.999998E-002,4.999990E-002,4.999948E-002,4.999768E-002,4.999071E-002,4.996668E-002,4.989299E-002,4.969251E-002,4.920933E-002,4.818069E-002,4.625403E-002,4.309814E-002,3.862076E-002,3.321174E-002,2.783627E-002,2.381664E-002,2.232084E-002,2.381664E-002,2.783627E-002,3.321174E-002,3.862076E-002,4.309814E-002,4.625403E-002,4.818069E-002,4.920933E-002,4.969251E-002,4.989299E-002,4.996667E-002,4.999067E-002,4.999754E-002,4.999908E-002,4.999885E-002,4.999759E-002,4.999509E-002,4.999099E-002,4.998519E-002,4.997820E-002,4.997128E-002,4.996613E-002,4.996426E-002,4.996624E-002,4.997146E-002,4.997841E-002,4.998538E-002,4.999114E-002,4.999520E-002,4.999767E-002,4.999899E-002,4.999961E-002,4.999986E-002,4.999996E-002,4.999999E-002,5.000000E-002,5.000000E-002,5.000000E-002
5.000000E-002,5.000000E-002,5.000000E-002,5.000000E-002,5.000000E-002,5.000000E-002,5.000000E-002,5.000000E-002,5.000000E-002,5.000000E-002,5.000000E-002,5.000000E-002,5.000000E-002,5.000000E-002,5.000000E-002,5.000000E-002,5.000000E-002,5.000000E-002,5.000000E-002,5.000000E-002,5.000000E-002,5.000000E-002,5.000000E-002,5.000000E-002,5.000000E-002,5.000000E-002,5.000000E-002,5.000000E-002,5.000000E-002,5.000000E-002,5.000000E-002,5.000000E-002,5.000000E-002,5.000000E-002,5.000000E-002,5.000000E-002,5.000000E-002,5.000000E-002,5.000000E-002,5.000000E-002,5.000000E-002,5.000000E-002,5.000000E-002,5.000000E-002,5.000000E-002,5.000000E-002,5.000000E-002,5.000000E-002,5.000000E-002,5.000000E-002,5.000000E-002,5.000000E-002,5.000000E-002,5.000000E-002,5.000000E-002,5.000000E-002,5.000000E-002,5.000000E-002,5.000000E-002,5.000000E-002,5.000000E-002,5.000000E-002,5.000000E-002,5.000000E-002,5.000000E-002,5.000000E-002,5.000000E-002,5.000000E-002,5.000000E-002,5.000000E-002,5.000000E-002,5.000000E-002,5.000000E-002,4.999998E-002,4.999991E-002,4.999956E-002,4.999804E-002,4.999214E-002,4.997179E-002,4.990942E-002,4.973972E-002,4.933071E-002,4.845999E-002,4.682911E-002,4.415770E-002,4.036768E-002,3.578905E-002,3.123880E-002,2.783627E-002,2.657010E-002,2.783627E-002,3.123880E-002,3.578905E-002,4.036768E-002,4.415770E-002,4.682911E-002,4.845999E-002,4.933071E-002,4.973972E-002,4.990941E-002,4.997175E-002,4.999199E-002,4.999758E-002,4.999824E-002,4.999652E-002,4.999222E-002,4.998408E-002,4.997079E-002,4.995201E-002,4.992943E-002,4.990711E-002,4.989055E-002,4.988457E-002,4.989103E-002,4.990794E-002,4.993038E-002,4.995289E-002,4.997146E-002,4.998453E-002,4.999249E-002,4.999674E-002,4.999873E-002,4.999956E-002,4.999986E-002,4.999996E-002,4.999999E-002,5.000000E-002,5.000000E-002
5.000000E-002,5.000000E-002,5.000000E-002,5.000000E-002,5.000000E-002,5.000000E-002,5.000000E-002,5.000000E-002,5.000000E-002,5.000000E-002,5.000000E-002,5.000000E-002,5.000000E-002,5.000000E-002,5.000000E-002,5.000000E-002,5.000000E-002,5.000000E-002,5.000000E-002,5.000000E-002,5.000000E-002,5.000000E-002,5.000000E-002,5.000000E-002,5.000000E-002,5.000000E-002,5.000000E-002,5.000000E-002,5.000000E-002,5.000000E-002,5.000000E-002,5.000000E-002,5.000000E-002,5.000000E-002,5.000000E-002,5.000000E-002,5.000000E-002,5.000000E-002,5.000000E-002,5.000000E-002,5.000000E-002,5.000000E-002,5.000000E-002,5.000000E-002,5.000000E-002,5.000000E-002,5.000000E-002,5.000000E-002,5.000000E-002,5.000000E-002,5.000000E-002,5.000000E-002,5.000000E-002,5.000000E-002,5.000000E-002,5.000000E-002,5.000000E-002,5.000000E-002,5.000000E-002,5.000000E-002,5.000000E-002,5.000000E-002,5.000000E-002,5.000000E-002,5.000000E-002,5.000000E-002,5.000000E-002,5.000000E-002,5.000000E-002,5.000000E-002,5.000000E-002,5.000000E-002,5.000000E-002,4.999999E-002,4.999993E-002,4.999967E-002,4.999852E-002,4.999405E-002,4.997863E-002,4.993139E-002,4.980284E-002,4.949304E-002,4.883349E-002,4.759816E-002,4.557466E-002,4.270385E-002,3.923570E-002,3.578905E-002,3.321174E-002,3.225267E-002,3.321174E-002,3.578905E-002,3.923570E-002,4.270385E-002,4.557466E-002,4.759816E-002,4.883349E-002,4.949304E-002,4.980284E-002,4.993136E-002,4.997851E-002,4.999362E-002,4.999715E-002,4.999578E-002,4.999000E-002,4.997729E-002,4.995356E-002,4.991491E-002,4.986041E-002,4.979499E-002,4.973043E-002,4.968270E-002,4.966566E-002,4.968465E-002,4.973376E-002,4.979881E-002,4.986392E-002,4.991762E-002,4.995536E-002,4.997835E-002,4.999060E-002,4.999635E-002,4.999873E-002,4.999960E-002,4.999989E-002,4.999997E-002,4.999999E-002,5.000000E-002
5.000000E-002,5.000000E-002,5.000000E-002,5.000000E-002,5.000000E-002,5.000000E-002,5.000000E-002,5.000000E-002,5.000000E-002,5.000000E-002,5.000000E-002,5.000000E-002,5.000000E-002,5.000000E-002,5.000000E-002,5.000000E-002,5.000000E-002,5.000000E-002,5.000000E-002,5.000000E-002,5.000000E-002,5.000000E-002,5.000000E-002,5.000000E-002,5.000000E-002,5.000000E-002,5.000000E-002,5.000000E-002,5.000000E-002,5.000000E-002,5.000000E-002,5.000000E-002,5.000000E-002,5.000000E-002,5.000000E-002,5.000000E-002,5.000000E-002,5.000000E-002,5.000000E-002,5.000000E-002,5.000000E-002,5.000000E-002,5.000000E-002,5.000000E-002,5.000000E-002,5.000000E-002,5.000000E-002,5.000000E-002,5.000000E-002,5.000000E-002,5.000000E-002,5.000000E-002,5.000000E-002,5.000000E-002,5.000000E-002,5.000000E-002,5.000000E-002,5.000000E-002,5.000000E-002,5.000000E-002,5.000000E-002,5.000000E-002,5.000000E-002,5.000000E-002,5.000000E-002,5.000000E-002,5.000000E-002,5.000000E-002,5.000000E-002,5.000000E-002,5.000000E-002,5.000000E-002,5.000000E-002,4.999999E-002,4.999996E-002,4.999978E-002,4.999899E-002,4.999596E-002,4.998552E-002,4.995350E-002,4.986637E-002,4.965638E-002,4.920933E-002,4.837201E-002,4.700046E-002,4.505460E-002,4.270385E-002,4.036768E-002,3.862076E-002,3.797069E-002,3.862076E-002,4.036768E-002,4.270385E-002,4.505460E-002,4.700046E-002,4.837201E-002,4.920933E-002,4.965637E-002,4.986635E-002,4.995341E-002,4.998520E-002,4.999482E-002,4.999537E-002,4.998948E-002,4.997376E-002,4.994029E-002,4.987810E-002,4.977710E-002,4.963501E-002,4.946483E-002,4.929739E-002,4.917411E-002,4.913084E-002,4.918112E-002,4.930934E-002,4.947855E-002,4.964758E-002,4.978680E-002,4.988455E-002,4.994404E-002,4.997571E-002,4.999056E-002,4.999671E-002,4.999897E-002,4.999971E-002,4.999992E-002,4.999998E-002,5.000000E-002
5.000000E-002,5.000000E-002,5.000000E-002,5.000000E-002,5.000000E-002,5.000000E-002,5.000000E-002,5.000000E-002,5.000000E-002,5.000000E-002,5.000000E-002,5.000000E-002,5.000000E-002,5.000000E-002,5.000000E-002,5.000000E-002,5.000000E-002,5.000000E-002,5.000000E-002,5.000000E-002,5.000000E-002,5.000000E-002,5.000000E-002,5.000000E-002,5.000000E-002,5.000000E-002,5.000000E-002,5.000000E-002,5.000000E-002,5.000000E-002,5.000000E-002,5.000000E-002,5.000000E-002,5.000000E-002,5.000000E-002,5.000000E-002,5.000000E-002,5.000000E-002,5.000000E-002,5.000000E-002,5.000000E-002,5.000000E-002,5.000000E-002,5.000000E-002,5.000000E-002,5.000000E-002,5.000000E-002,5.000000E-002,5.000000E-002,5.000000E-002,5.000000E-002,5.000000E-002,5.000000E-002,5.000000E-002,5.000000E-002,5.000000E-002,5.000000E-002,5.000000E-002,5.000000E-002,5.000000E-002,5.000000E-002,5.000000E-002,5.000000E-002,5.000000E-002,5.000000E-002,5.000000E-002,5.000000E-002,5.000000E-002,5.000000E-002,5.000000E-002,5.000000E-002,5.000000E-002,5.000000E-002,5.000000E-002,4.999997E-002,4.999986E-002,4.999939E-002,4.999755E-002,4.999122E-002,4.997179E-002,4.991895E-002,4.979158E-002,4.952044E-002,4.901257E-002,4.818069E-002,4.700046E-002,4.557466E-002,4.415770E-002,4.309814E-002,4.270385E-002,4.309814E-002,4.415770E-002,4.557466E-002,4.700046E-002,4.818069E-002,4.901257E-002,4.952043E-002,4.979157E-002,4.991890E-002,4.997159E-002,4.999044E-002,4.999480E-002,4.999070E-002,4.997527E-002,4.993760E-002,4.985827E-002,4.971151E-002,4.947393E-002,4.914072E-002,4.874292E-002,4.835298E-002,4.806757E-002,4.796975E-002,4.809010E-002,4.839136E-002,4.878696E-002,4.918108E-002,4.950506E-002,4.973219E-002,4.987025E-002,4.994369E-002,4.997809E-002,4.999234E-002,4.999758E-002,4.999930E-002,4.999981E-002,4.999995E-002,4.999999E-002
5.000000E-002,5.000000E-002,5.000000E-002,5.000000E-002,5.000000E-002,5.000000E-002,5.000000E-002,5.000000E-002,5.000000E-002,5.000000E-002,5.000000E-002,5.000000E-002,5.000000E-002,5.000000E-002,5.000000E-002,5.000000E-002,5.000000E-002,5.000000E-002,5.000000E-002,5.000000E-002,5.000000E-002,5.000000E-002,5.000000E-002,5.000000E-002,5.000000E-002,5.000000E-002,5.000000E-002,5.000000E-002,5.000000E-002,5.000000E-002,5.000000E-002,5.000000E-002,5.000000E-002,5.000000E-002,5.000000E-002,5.000000E-002,5.000000E-002,5.000000E-002,5.000000E-002,5.000000E-002,5.000000E-002,5.000000E-002,5.000000E-002,5.000000E-002,5.000000E-002,5.000000E-002,5.000000E-002,5.000000E-002,5.000000E-002,5.000000E-002,5.000000E-002,5.000000E-002,5.000000E-002,5.000000E-002,5.000000E-002,5.000000E-002,5.000000E-002,5.000000E-002,5.000000E-002,5.000000E-002,5.000000E-002,5.000000E-002,5.000000E-002,5.000000E-002,5.000000E-002,5.000000E-002,5.000000E-002,5.000000E-002,5.000000E-002,5.000000E-002,5.000000E-002,5.000000E-002,5.000000E-002,5.000000E-002,4.999999E-002,4.999993E-002,4.999967E-002,4.999867E-002,4.999523E-002,4.998469E-002,4.995601E-002,4.988688E-002,4.973972E-002,4.946408E-002,4.901257E-002,4.837201E-002,4.759816E-002,4.682911E-002,4.625403E-002,4.604004E-002,4.625403E-002,4.682911E-002,4.759816E-002,4.837201E-002,4.901257E-002,4.946408E-002,4.973971E-002,4.988686E-002,4.995591E-002,4.998425E-002,4.999351E-002,4.999265E-002,4.998075E-002,4.994665E-002,4.986550E-002,4.969572E-002,4.938302E-002,4.887894E-002,4.817485E-002,4.733788E-002,4.652162E-002,4.592897E-002,4.573253E-002,4.599371E-002,4.663187E-002,4.746437E-002,4.829071E-002,4.896823E-002,4.944226E-002,4.972990E-002,4.988271E-002,4.995423E-002,4.998386E-002,4.999479E-002,4.999842E-002,4.999953E-002,4.999985E-002,4.999995E-002
5.000000E-002,5.000000E-002,5.000000E-002,5.000000E-002,5.000000E-002,5.000000E-002,5.000000E-002,5.000000E-002,5.000000E-002,5.000000E-002,5.000000E-002,5.000000E-002,5.000000E-002,5.000000E-002,5.000000E-002,5.000000E-002,5.000000E-002,5.000000E-002,5.000000E-002,5.000000E-002,5.000000E-002,5.000000E-002,5.000000E-002,5.000000E-002,5.000000E-002,5.000000E-002,5.000000E-002,5.000000E-002,5.000000E-002,5.000000E-002,5.000000E-002,5.000000E-002,5.000000E-002,5.000000E-002,5.000000E-002,5.000000E-002,5.000000E-002,5.000000E-002,5.000000E-002,5.000000E-002,5.000000E-002,5.000000E-002,5.000000E-002,5.000000E-002,5.000000E-002,5.000000E-002,5.000000E-002,5.000000E-002,5.000000E-002,5.000000E-002,5.000000E-002,5.000000E-002,5.000000E-002,5.000000E-002,5.000000E-002,5.000000E-002,5.000000E-002,5.000000E-002,5.000000E-002,5.000000E-002,5.000000E-002,5.000000E-002,5.000000E-002,5.000000E-002,5.000000E-002,5.000000E-002,5.000000E-002,5.000000E-002,5.000000E-002,5.000000E-002,5.000000E-002,5.000000E-002,5.000000E-002,5.000000E-002,4.999999E-002,4.999996E-002,4.999984E-002,4.999935E-002,4.999768E-002,4.999256E-002,4.997863E-002,4.994506E-002,4.987359E-002,4.973972E-002,4.952044E-002,4.920933E-002,4.883349E-002,4.845999E-002,4.818069E-002,4.807676E-002,4.818069E-002,4.845999E-002,4.883349E-002,4.920933E-002,4.952043E-002,4.973972E-002,4.987358E-002,4.994502E-002,4.997843E-002,4.999167E-002,4.999423E-002,4.998734E-002,4.996235E-002,4.989504E-002,4.973664E-002,4.940732E-002,4.880416E-002,4.783707E-002,4.649350E-002,4.490537E-002,4.336702E-002,4.226226E-002,4.191309E-002,4.242865E-002,4.365034E-002,4.523034E-002,4.679094E-002,4.806598E-002,4.895557E-002,4.949416E-002,4.977978E-002,4.991336E-002,4.996880E-002,4.998944E-002,4.999647E-002,4.999876E-002,4.999953E-002,4.999981E-002
5.000000E-002,5.000000E-002,5.000000E-002,5.000000E-002,5.000000E-002,5.000000E-002,5.000000E-002,5.000000E-002,5.000000E-002,5.000000E-002,5.000000E-002,5.000000E-002,5.000000E-002,5.000000E-002,5.000000E-002,5.000000E-002,5.000000E-002,5.000000E-002,5.000000E-002,5.000000E-002,5.000000E-002,5.000000E-002,5.000000E-002,5.000000E-002,5.000000E-002,5.000000E-002,5.000000E-002,5.000000E-002,5.000000E-002,5.000000E-002,5.000000E-002,5.000000E-002,5.000000E-002,5.000000E-002,5.000000E-002,5.000000E-002,5.000000E-002,5.000000E-002,5.000000E-002,5.000000E-002,5.000000E-002,5.000000E-002,5.000000E-002,5.000000E-002,5.000000E-002,5.000000E-002,5.000000E-002,5.000000E-002,5.000000E-002,5.000000E-002,5.000000E-002,5.000000E-002,5.000000E-002,5.000000E-002,5.000000E-002,5.000000E-002,5.000000E-002,5.000000E-002,5.000000E-002,5.000000E-002,5.000000E-002,5.000000E-002,5.000000E-002,5.000000E-002,5.000000E-002,5.000000E-002,5.000000E-002,5.000000E-002,5.000000E-002,5.000000E-002,5.000000E-002,5.000000E-002,5.000000E-002,5.000000E-002,5.000000E-002,4.999998E-002,4.999993E-002,4.999972E-002,4.999899E-002,4.999677E-002,4.999071E-002,4.997612E-002,4.994506E-002,4.988688E-002,4.979158E-002,4.965638E-002,4.949304E-002,4.933071E-002,4.920933E-002,4.916416E-002,4.920933E-002,4.933071E-002,4.949304E-002,4.965638E-002,4.979158E-002,4.988688E-002,4.994505E-002,4.997604E-002,4.999033E-002,4.999512E-002,4.999264E-002,4.997780E-002,4.993206E-002,4.981141E-002,4.952996E-002,4.894905E-002,4.789244E-002,4.620979E-002,4.388809E-002,4.116381E-002,3.854830E-002,3.669733E-002,3.615096E-002,3.707988E-002,3.919951E-002,4.191030E-002,4.457049E-002,4.673368E-002,4.823722E-002,4.914467E-002,4.962486E-002,4.984942E-002,4.994318E-002,4.997885E-002,4.999173E-002,4.999649E-002,4.999843E-002,4.999931E-002
5.000000E-002,5.000000E-002,5.000000E-002,5.000000E-002,5.000000E-002,5.000000E-002,5.000000E-002,5.000000E-002,5.000000E-002,5.000000E-002,5.000000E-002,5.000000E-002,5.000000E-002,5.000000E-002,5.000000E-002,5.000000E-002,5.000000E-002,5.000000E-002,5.000000E-002,5.000000E-002,5.000000E-002,5.000000E-002,5.000000E-002,5.000000E-002,5.000000E-002,5.000000E-002,5.000000E-002,5.000000E-002,5.000000E-002,5.000000E-002,5.000000E-002,5.000000E-002,5.000000E-002,5.000000E-002,5.000000E-002,5.000000E-002,5.000000E-002,5.000000E-002,5.000000E-002,5.000000E-002,5.000000E-002,5.000000E-002,5.000000E-002,5.000000E-002,5.000000E-002,5.000000E-002,5.000000E-002,5.000000E-002,5.000000E-002,5.000000E-002,5.000000E-002,5.000000E-002,5.000000E-002,5.000000E-002,5.000000E-002,5.000000E-002,5.000000E-002,5.000000E-002,5.000000E-002,5.000000E-002,5.000000E-002,5.000000E-002,5.000000E-002,5.000000E-002,5.000000E-002,5.000000E-002,5.000000E-002,5.000000E-002,5.000000E-002,5.000000E-002,5.000000E-002,5.000000E-002,5.000000E-002,5.000000E-002,5.000000E-002,4.999999E-002,4.999997E-002,4.999989E-002,4.999961E-002,4.999874E-002,4.999639E-002,4.999071E-002,4.997863E-002,4.995601E-002,4.991895E-002,4.986637E-002,4.980284E-002,4.973972E-002,4.969251E-002,4.967495E-002,4.969251E-002,4.973972E-002,4.980284E-002,4.986637E-002,4.991895E-002,4.995600E-002,4.997861E-002,4.999057E-002,4.999573E-002,4.999593E-002,4.998889E-002,4.996322E-002,4.988737E-002,4.968972E-002,4.923275E-002,4.829757E-002,4.661073E-002,4.394666E-002,4.030197E-002,3.606469E-002,3.204278E-002,2.925106E-002,2.850509E-002,3.003753E-002,3.338096E-002,3.759697E-002,4.169963E-002,4.501493E-002,4.730736E-002,4.868509E-002,4.941234E-002,4.975321E-002,4.989781E-002,4.995561E-002,4.997907E-002,4.998959E-002,4.999486E-002,4.999761E-002
5.000000E-002,5.000000E-002,5.000000E-002,5.000000E-002,5.000000E-002,5.000000E-002,5.000000E-002,5.000000E-002,5.000000E-002,5.000000E-002,5.000000E-002,5.000000E-002,5.000000E-002,5.000000E-002,5.000000E-002,5.000000E-002,5.000000E-002,5.000000E-002,5.000000E-002,5.000000E-002,5.000000E-002,5.000000E-002,5.000000E-002,5.000000E-002,5.000000E-002,5.000000E-002,5.000000E-002,5.000000E-002,5.000000E-002,5.000000E-002,5.000000E-002,5.000000E-002,5.000000E-002,5.000000E-002,5.000000E-002,5.000000E-002,5.000000E-002,5.000000E-002,5.000000E-002,5.000000E-002,5.000000E-002,5.000000E-002,5.000000E-002,5.000000E-002,5.000000E-002,5.000000E-002,5.000000E-002,5.000000E-002,5.000000E-002,5.000000E-002,5.000000E-002,5.000000E-002,5.000000E-002,5.000000E-002,5.000000E-002,5.000000E-002,5.000000E-002,5.000000E-002,5.000000E-002,5.000000E-002,5.000000E-002,5.000000E-002,5.000000E-002,5.000000E-002,5.000000E-002,5.000000E-002,5.000000E-002,5.000000E-002,5.000000E-002,5.000000E-002,5.000000E-002,5.000000E-002,5.000000E-002,5.000000E-002,5.000000E-002,5.000000E-002,4.999999E-002,4.999996E-002,4.999986E-002,4.999956E-002,4.999874E-002,4.999677E-002,4.999256E-002,4.998469E-002,4.997179E-002,4.995350E-002,4.993139E-002,4.990942E-002,4.989299E-002,4.988688E-002,4.989299E-002,4.990942E-002,4.993139E-002,4.995350E-002,4.997179E-002,4.998468E-002,4.999252E-002,4.999655E-002,4.999770E-002,4.999516E-002,4.998322E-002,4.994355E-002,4.982836E-002,4.953130E-002,4.885115E-002,4.747256E-002,4.500978E-002,4.115812E-002,3.594220E-002,2.994633E-002,2.433586E-002,2.053753E-002,1.966256E-002,2.198250E-002,2.679220E-002,3.275345E-002,3.849258E-002,4.309185E-002,4.624968E-002,4.813670E-002,4.913059E-002,4.960047E-002,4.980761E-002,4.989941E-002,4.994438E-002,4.996942E-002,4.998412E-002,4.999243E-002
5.000000E-002,5.000000E-002,5.000000E-002,5.000000E-002,5.000000E-002,5.000000E-002,5.000000E-002,5.000000E-002,5.000000E-002,5.000000E-002,5.000000E-002,5.000000E-002,5.000000E-002,5.000000E-002,5.000000E-002,5.000000E-002,5.000000E-002,5.000000E-002,5.000000E-002,5.000000E-002,5.000000E-002,5.000000E-002,5.000000E-002,5.000000E-002,5.000000E-002,5.000000E-002,5.000000E-002,5.000000E-002,5.000000E-002,5.000000E-002,5.000000E-002,5.000000E-002,5.000000E-002,5.000000E-002,5.000000E-002,5.000000E-002,5.000000E-002,5.000000E-002,5.000000E-002,5.000000E-002,5.000000E-002,5.000000E-002,5.000000E-002,5.000000E-002,5.000000E-002,5.000000E-002,5.000000E-002,5.000000E-002,5.000000E-002,5.000000E-002,5.000000E-002,5.000000E-002,5.000000E-002,5.000000E-002,5.000000E-002,5.000000E-002,5.000000E-002,5.000000E-002,5.000000E-002,5.000000E-002,5.000000E-002,5.000000E-002,5.000000E-002,5.000000E-002,5.000000E-002,5.000000E-002,5.000000E-002,5.000000E-002,5.000000E-002,5.000000E-002,5.000000E-002,5.000000E-002,5.000000E-002,5.000000E-002,5.000000E-002,5.000000E-002,5.000000E-002,4.999999E-002,4.999996E-002,4.999986E-002,4.999961E-002,4.999899E-002,4.999768E-002,4.999523E-002,4.999122E-002,4.998552E-002,4.997863E-002,4.997179E-002,4.996668E-002,4.996477E-002,4.996668E-002,4.997179E-002,4.997863E-002,4.998552E-002,4.999121E-002,4.999522E-002,4.999762E-002,4.999867E-002,4.999809E-002,4.999351E-002,4.997619E-002,4.992016E-002,4.975936E-002,4.934889E-002,4.841866E-002,4.655269E-002,4.325445E-002,3.815258E-002,3.132411E-002,2.357803E-002,1.645345E-002,1.177895E-002,1.092353E-002,1.414847E-002,2.047476E-002,2.815709E-002,3.545427E-002,4.123777E-002,4.516976E-002,4.750137E-002,4.872928E-002,4.932404E-002,4.960945E-002,4.976072E-002,4.985376E-002,4.991540E-002,4.995506E-002,4.997839E-002
5.000000E-002,5.000000E-002,5.000000E-002,5.000000E-002,5.000000E-002,5.000000E-002,5.000000E-002,5.000000E-002,5.000000E-002,5.000000E-002,5.000000E-002,5.000000E-002,5.000000E-002,5.000000E-002,5.000000E-002,5.000000E-002,5.000000E-002,5.000000E-002,5.000000E-002,5.000000E-002,5.000000E-002,5.000000E-002,5.000000E-002,5.000000E-002,5.000000E-002,5.000000E-002,5.000000E-002,5.000000E-002,5.000000E-002,5.000000E-002,5.000000E-002,5.000000E-002,5.000000E-002,5.000000E-002,5.000000E-002,5.000000E-002,5.000000E-002,5.000000E-002,5.000000E-002,5.000000E-002,5.000000E-002,5.000000E-002,5.000000E-002,5.000000E-002,5.000000E-002,5.000000E-002,5.000000E-002,5.000000E-002,5.000000E-002,5.000000E-002,5.000000E-002,5.000000E-002,5.000000E-002,5.000000E-002,5.000000E-002,5.000000E-002,5.000000E-002,5.000000E-002,5.000000E-002,5.000000E-002,5.000000E-002,5.000000E-002,5.000000E-002,5.000000E-002,5.000000E-002,5.000000E-002,5.000000E-002,5.000000E-002,5.000000E-002,5.000000E-002,5.000000E-002,5.000000E-002,5.000000E-002,5.000000E-002,5.000000E-002,5.000000E-002,5.000000E-002,5.000000E-002,4.999999E-002,4.999996E-002,4.999989E-002,4.999972E-002,4.999935E-002,4.999867E-002,4.999755E-002,4.999596E-002,4.999405E-002,4.999214E-002,4.999071E-002,4.999018E-002,4.999071E-002,4.999214E-002,4.999405E-002,4.999596E-002,4.999755E-002,4.999866E-002,4.999927E-002,4.999928E-002,4.999786E-002,4.999156E-002,4.996881E-002,4.989616E-002,4.968973E-002,4.916798E-002,4.799765E-002,4.567488E-002,4.161455E-002,3.540720E-002,2.720485E-002,1.803748E-002,9.771178E-003,4.548919E-003,3.899258E-003,8.008450E-003,1.562407E-002,2.465753E-002,3.309472E-002,3.968193E-002,4.409724E-002,4.668855E-002,4.806256E-002,4.876916E-002,4.916802E-002,4.943655E-002,4.963764E-002,4.978557E-002,4.988501E-002,4.994450E-002
5.000000E-002,5.000000E-002,5.000000E-002,5.000000E-002,5.000000E-002,5.000000E-002,5.000000E-002,5.000000E-002,5.000000E-002,5.000000E-002,5.000000E-002,5.000000E-002,5.000000E-002,5.000000E-002,5.000000E-002,5.000000E-002,5.000000E-002,5.000000E-002,5.000000E-002,5.000000E-002,5.000000E-002,5.000000E-002,5.000000E-002,5.000000E-002,5.000000E-002,5.000000E-002,5.000000E-002,5.000000E-002,5.000000E-002,5.000000E-002,5.000000E-002,5.000000E-002,5.000000E-002,5.000000E-002,5.000000E-002,5.000000E-002,5.000000E-002,5.000000E-002,5.000000E-002,5.000000E-002,5.000000E-002,5.000000E-002,5.000000E-002,5.000000E-002,5.000000E-002,5.000000E-002,5.000000E-002,5.000000E-002,5.000000E-002,5.000000E-002,5.000000E-002,5.000000E-002,5.000000E-002,5.000000E-002,5.000000E-002,5.000000E-002,5.000000E-002,5.000000E-002,5.000000E-002,5.000000E-002,5.000000E-002,5.000000E-002,5.000000E-002,5.000000E-002,5.000000E-002,5.000000E-002,5.000000E-002,5.000000E-002,5.000000E-002,5.000000E-002,5.000000E-002,5.000000E-002,5.000000E-002,5.000000E-002,5.000000E-002,5.000000E-002,5.000000E-002,5.000000E-002,5.000000E-002,4.999999E-002,4.999997E-002,4.999993E-002,4.999984E-002,4.999967E-002,4.999939E-002,4.999899E-002,4.999852E-002,4.999804E-002,4.999768E-002,4.999755E-002,4.999768E-002,4.999804E-002,4.999852E-002,4.999899E-002,4.999939E-002,4.999965E-002,4.999973E-002,4.999939E-002,4.999750E-002,4.998982E-002,4.996251E-002,4.987610E-002,4.963271E-002,4.902322E-002,4.766929E-002,4.500968E-002,4.041131E-002,3.346440E-002,2.440555E-002,1.443895E-002,5.643730E-003,3.213851E-004,2.111835E-005,4.795399E-003,1.316788E-002,2.283958E-002,3.168031E-002,3.843569E-002,4.286652E-002,4.543181E-002,4.682865E-002,4.764899E-002,4.824372E-002,4.874832E-002,4.917672E-002,4.950839E-002,4.973550E-002,4.987221E-002
5.000000E-002,5.000000E-002,5.000000E-002,5.000000E-002,5.000000E-002,5.000000E-002,5.000000E-002,5.000000E-002,5.000000E-002,5.000000E-002,5.000000E-002,5.000000E-002,5.000000E-002,5.000000E-002,5.000000E-002,5.000000E-002,5.000000E-002,5.000000E-002,5.000000E-002,5.000000E-002,5.000000E-002,5.000000E-002,5.000000E-002,5.000000E-002,5.000000E-002,5.000000E-002,5.000000E-002,5.000000E-002,5.000000E-002,5.000000E-002,5.000000E-002,5.000000E-002,5.000000E-002,5.000000E-002,5.000000E-002,5.000000E-002,5.000000E-002,5.000000E-002,5.000000E-002,5.000000E-002,5.000000E-002,5.000000E-002,5.000000E-002,5.000000E-002,5.000000E-002,5.000000E-002,5.000000E-002,5.000000E-002,5.000000E-002,5.000000E-002,5.000000E-002,5.000000E-002,5.000000E-002,5.000000E-002,5.000000E-002,5.000000E-002,5.000000E-002,5.000000E-002,5.000000E-002,5.000000E-002,5.000000E-002,5.000000E-002,5.000000E-002,5.000000E-002,5.000000E-002,5.000000E-002,5.000000E-002,5.000000E-002,5.000000E-002,5.000000E-002,5.000000E-002,5.000000E-002,5.000000E-002,5.000000E-002,5.000000E-002,5.000000E-002,5.000000E-002,5.000000E-002,5.000000E-002,5.000000E-002,4.999999E-002,4.999998E-002,4.999996E-002,4.999993E-002,4.999986E-002,4.999978E-002,4.999967E-002,4.999956E-002,4.999948E-002,4.999945E-002,4.999948E-002,4.999956E-002,4.999967E-002,4.999978E-002,4.999986E-002,4.999991E-002,4.999985E-002,4.999938E-002,4.999724E-002,4.998875E-002,4.995882E-002,4.986479E-002,4.960193E-002,4.894903E-002,4.751133E-002,4.471373E-002,3.992617E-002,3.277490E-002,2.356881E-002,1.359667E-002,4.985197E-003,0.000000E+000,6.520523E-005,5.068624E-003,1.340766E-002,2.275309E-002,3.104716E-002,3.717406E-002,4.104824E-002,4.325406E-002,4.455630E-002,4.554312E-002,4.649679E-002,4.744754E-002,4.830688E-002,4.898621E-002,4.945423E-002,4.973636E-002
5.000000E-002,5.000000E-002,5.000000E-002,5.000000E-002,5.000000E-002,5.000000E-002,5.000000E-002,5.000000E-002,5.000000E-002,5.000000E-002,5.000000E-002,5.000000E-002,5.000000E-002,5.000000E-002,5.000000E-002,5.000000E-002,5.000000E-002,5.000000E-002,5.000000E-002,5.000000E-002,5.000000E-002,5.000000E-002,5.000000E-002,5.000000E-002,5.000000E-002,5.000000E-002,5.000000E-002,5.000000E-002,5.000000E-002,5.000000E-002,5.000000E-002,5.000000E-002,5.000000E-002,5.000000E-002,5.000000E-002,5.000000E-002,5.000000E-002,5.000000E-002,5.000000E-002,5.000000E-002,5.000000E-002,5.000000E-002,5.000000E-002,5.000000E-002,5.000000E-002,5.000000E-002,5.000000E-002,5.000000E-002,5.000000E-002,5.000000E-002,5.000000E-002,5.000000E-002,5.000000E-002,5.000000E-002,5.000000E-002,5.000000E-002,5.000000E-002,5.000000E-002,5.000000E-002,5.000000E-002,5.000000E-002,5.000000E-002,5.000000E-002,5.000000E-002,5.000000E-002,5.000000E-002,5.000000E-002,5.000000E-002,5.000000E-002,5.000000E-002,5.000000E-002,5.000000E-002,5.000000E-002,5.000000E-002,5.000000E-002,5.000000E-002,5.000000E-002,5.000000E-002,5.000000E-002,5.000000E-002,5.000000E-002,5.000000E-002,4.999999E-002,4.999999E-002,4.999997E-002,4.999996E-002,4.999993E-002,4.999991E-002,4.999990E-002,4.999989E-002,4.999990E-002,4.999991E-002,4.999993E-002,4.999995E-002,4.999997E-002,4.999996E-002,4.999987E-002,4.999938E-002,4.999722E-002,4.998870E-002,4.995882E-002,4.986551E-002,4.960633E-002,4.896697E-002,4.756963E-002,4.487286E-002,4.029956E-002,3.353731E-002,2.493271E-002,1.574208E-002,7.955274E-003,3.610005E-003,3.885530E-003,8.511611E-003,1.588778E-002,2.384706E-002,3.058886E-002,3.526612E-002,3.801331E-002,3.955578E-002,4.070533E-002,4.199718E-002,4.357428E-002,4.528316E-002,4.686559E-002,4.812363E-002,4.899067E-002,4.951281E-002
5.000000E-002,5.000000E-002,5.000000E-002,5.000000E-002,5.000000E-002,5.000000E-002,5.000000E-002,5.000000E-002,5.000000E-002,5.000000E-002,5.000000E-002,5.000000E-002,5.000000E-002,5.000000E-002,5.000000E-002,5.000000E-002,5.000000E-002,5.000000E-002,5.000000E-002,5.000000E-002,5.000000E-002,5.000000E-002,5.000000E-002,5.000000E-002,5.000000E-002,5.000000E-002,5.000000E-002,5.000000E-002,5.000000E-002,5.000000E-002,5.000000E-002,5.000000E-002,5.000000E-002,5.000000E-002,5.000000E-002,5.000000E-002,5.000000E-002,5.000000E-002,5.000000E-002,5.000000E-002,5.000000E-002,5.000000E-002,5.000000E-002,5.000000E-002,5.000000E-002,5.000000E-002,5.000000E-002,5.000000E-002,5.000000E-002,5.000000E-002,5.000000E-002,5.000000E-002,5.000000E-002,5.000000E-002,5.000000E-002,5.000000E-002,5.000000E-002,5.000000E-002,5.000000E-002,5.000000E-002,5.000000E-002,5.000000E-002,5.000000E-002,5.000000E-002,5.000000E-002,5.000000E-002,5.000000E-002,5.000000E-002,5.000000E-002,5.000000E-002,5.000000E-002,5.000000E-002,5.000000E-002,5.000000E-002,5.000000E-002,5.000000E-002,5.000000E-002,5.000000E-002,5.000000E-002,5.000000E-002,5.000000E-002,5.000000E-002,5.000000E-002,5.000000E-002,5.000000E-002,4.999999E-002,4.999999E-002,4.999998E-002,4.999998E-002,4.999998E-002,4.999998E-002,4.999998E-002,4.999999E-002,4.999999E-002,4.999999E-002,4.999998E-002,4.999989E-002,4.999944E-002,4.999746E-002,4.998971E-002,4.996264E-002,4.987851E-002,4.964599E-002,4.907562E-002,4.783673E-002,4.546199E-002,4.146516E-002,3.560491E-002,2.821832E-002,2.041252E-002,1.387753E-002,1.027205E-002,1.045628E-002,1.403836E-002,1.954959E-002,2.515419E-002,2.946138E-002,3.199839E-002,3.317441E-002,3.386851E-002,3.491770E-002,3.675206E-002,3.930029E-002,4.214394E-002,4.478764E-002,4.688539E-002,4.832717E-002,4.919341E-002
5.000000E-002,5.000000E-002,5.000000E-002,5.000000E-002,5.000000E-002,5.000000E-002,5.000000E-002,5.000000E-002,5.000000E-002,5.000000E-002,5.000000E-002,5.000000E-002,5.000000E-002,5.000000E-002,5.000000E-002,5.000000E-002,5.000000E-002,5.000000E-002,5.000000E-002,5.000000E-002,5.000000E-002,5.000000E-002,5.000000E-002,5.000000E-002,5.000000E-002,5.000000E-002,5.000000E-002,5.000000E-002,5.000000E-002,5.000000E-002,5.000000E-002,5.000000E-002,5.000000E-002,5.000000E-002,5.000000E-002,5.000000E-002,5.000000E-002,5.000000E-002,5.000000E-002,5.000000E-002,5.000000E-002,5.000000E-002,5.000000E-002,5.000000E-002,5.000000E-002,5.000000E-002,5.000000E-002,5.000000E-002,5.000000E-002,5.000000E-002,5.000000E-002,5.000000E-002,5.000000E-002,5.000000E-002,5.000000E-002,5.000000E-002,5.000000E-002,5.000000E-002,5.000000E-002,5.000000E-002,5.000000E-002,5.000000E-002,5.000000E-002,5.000000E-002,5.000000E-002,5.000000E-002,5.000000E-002,5.000000E-002,5.000000E-002,5.000000E-002,5.000000E-002,5.000000E-002,5.000000E-002,5.000000E-002,5.000000E-002,5.000000E-002,5.000000E-002,5.000000E-002,5.000000E-002,5.000000E-002,5.000000E-002,5.000000E-002,5.000000E-002,5.000000E-002,5.000000E-002,5.000000E-002,5.000000E-002,5.000000E-002,5.000000E-002,5.000000E-002,5.000000E-002,5.000000E-002,5.000000E-002,5.000000E-002,5.000000E-002,4.999998E-002,4.999991E-002,4.999954E-002,4.999790E-002,4.999153E-002,4.996935E-002,4.990063E-002,4.971148E-002,4.924952E-002,4.825095E-002,4.634703E-002,4.316116E-002,3.851868E-002,3.270251E-002,2.658368E-002,2.144579E-002,1.848366E-002,1.821385E-002,2.017090E-002,2.311957E-002,2.567471E-002,2.696016E-002,2.694934E-002,2.635972E-002,2.622052E-002,2.735847E-002,3.004025E-002,3.391271E-002,3.823062E-002,4.221840E-002,4.536324E-002,4.751457E-002,4.880280E-002
5.000000E-002,5.000000E-002,5.000000E-002,5.000000E-002,5.000000E-002,5.000000E-002,5.000000E-002,5.000000E-002,5.000000E-002,5.000000E-002,5.000000E-002,5.000000E-002,5.000000E-002,5.000000E-002,5.000000E-002,5.000000E-002,5.000000E-002,5.000000E-002,5.000000E-002,5.000000E-002,5.000000E-002,5.000000E-002,5.000000E-002,5.000000E-002,5.000000E-002,5.000000E-002,5.000000E-002,5.000000E-002,5.000000E-002,5.000000E-002,5.000000E-002,5.000000E-002,5.000000E-002,5.000000E-002,5.000000E-002,5.000000E-002,5.000000E-002,5.000000E-002,5.000000E-002,5.000000E-002,5.000000E-002,5.000000E-002,5.000000E-002,5.000000E-002,5.000000E-002,5.000000E-002,5.000000E-002,5.000000E-002,5.000000E-002,5.000000E-002,5.000000E-002,5.000000E-002,5.000000E-002,5.000000E-002,5.000000E-002,5.000000E-002,5.000000E-002,5.000000E-002,5.000000E-002,5.000000E-002,5.000000E-002,5.000000E-002,5.000000E-002,5.000000E-002,5.000000E-002,5.000000E-002,5.000000E-002,5.000000E-002,5.000000E-002,5.000000E-002,5.000000E-002,5.000000E-002,5.000000E-002,5.000000E-002,5.000000E-002,5.000000E-002,5.000000E-002,5.000000E-002,5.000000E-002,5.000000E-002,5.000000E-002,5.000000E-002,5.000000E-002,5.000000E-002,5.000000E-002,5.000000E-002,5.000000E-002,5.000000E-002,5.000000E-002,5.000000E-002,5.000000E-002,5.000000E-002,5.000000E-002,5.000000E-002,5.000000E-002,4.999999E-002,4.999993E-002,4.999965E-002,4.999844E-002,4.999372E-002,4.997730E-002,4.992661E-002,4.978749E-002,4.944882E-002,4.871935E-002,4.733375E-002,4.502382E-002,4.166796E-002,3.746622E-002,3.301538E-002,2.915960E-002,2.661843E-002,2.558296E-002,2.555767E-002,2.559777E-002,2.482739E-002,2.293510E-002,2.037043E-002,1.815702E-002,1.743642E-002,1.896304E-002,2.277694E-002,2.820015E-002,3.414630E-002,3.956825E-002,4.380556E-002,4.668605E-002,4.840364E-002
5.000000E-002,5.000000E-002,5.000000E-002,5.000000E-002,5.000000E-002,5.000000E-002,5.000000E-002,5.000000E-002,5.000000E-002,5.000000E-002,5.000000E-002,5.000000E-002,5.000000E-002,5.000000E-002,5.000000E-002,5.000000E-002,5.000000E-002,5.000000E-002,5.000000E-002,5.000000E-002,5.000000E-002,5.000000E-002,5.000000E-002,5.000000E-002,5.000000E-002,5.000000E-002,5.000000E-002,5.000000E-002,5.000000E-002,5.000000E-002,5.000000E-002,5.000000E-002,5.000000E-002,5.000000E-002,5.000000E-002,5.000000E-002,5.000000E-002,5.000000E-002,5.000000E-002,5.000000E-002,5.000000E-002,5.000000E-002,5.000000E-002,5.000000E-002,5.000000E-002,5.000000E-002,5.000000E-002,5.000000E-002,5.000000E-002,5.000000E-002,5.000000E-002,5.000000E-002,5.000000E-002,5.000000E-002,5.000000E-002,5.000000E-002,5.000000E-002,5.000000E-002,5.000000E-002,5.000000E-002,5.000000E-002,5.000000E-002,5.000000E-002,5.000000E-002,5.000000E-002,5.000000E-002,5.000000E-002,5.000000E-002,5.000000E-002,5.000000E-002,5.000000E-002,5.000000E-002,5.000000E-002,5.000000E-002,5.000000E-002,5.000000E-002,5.000000E-002,5.000000E-002,5.000000E-002,5.000000E-002,5.000000E-002,5.000000E-002,5.000000E-002,5.000000E-002,5.000000E-002,5.000000E-002,5.000000E-002,5.000000E-002,5.000000E-002,5.000000E-002,5.000000E-002,5.000000E-002,5.000000E-002,5.000000E-002,5.000000E-002,4.999999E-002,4.999995E-002,4.999977E-002,4.999896E-002,4.999580E-002,4.998487E-002,4.995117E-002,4.985886E-002,4.963468E-002,4.915289E-002,4.823954E-002,4.671830E-002,4.450411E-002,4.170674E-002,3.866089E-002,3.580723E-002,3.344205E-002,3.148151E-002,2.943291E-002,2.665357E-002,2.277527E-002,1.804226E-002,1.335672E-002,9.996666E-003,9.134647E-003,1.136566E-002,1.644786E-002,2.338023E-002,3.078907E-002,3.743124E-002,4.256259E-002,4.602348E-002,4.807684E-002
5.000000E-002,5.000000E-002,5.000000E-002,5.000000E-002,5.000000E-002,5.000000E-002,5.000000E-002,5.000000E-002,5.000000E-002,5.000000E-002,5.000000E-002,5.000000E-002,5.000000E-002,5.000000E-002,5.000000E-002,5.000000E-002,5.000000E-002,5.000000E-002,5.000000E-002,5.000000E-002,5.000000E-002,5.000000E-002,5.000000E-002,5.000000E-002,5.000000E-002,5.000000E-002,5.000000E-002,5.000000E-002,5.000000E-002,5.000000E-002,5.000000E-002,5.000000E-002,5.000000E-002,5.000000E-002,5.000000E-002,5.000000E-002,5.000000E-002,5.000000E-002,5.000000E-002,5.000000E-002,5.000000E-002,5.000000E-002,5.000000E-002,5.000000E-002,5.000000E-002,5.000000E-002,5.000000E-002,5.000000E-002,5.000000E-002,5.000000E-002,5.000000E-002,5.000000E-002,5.000000E-002,5.000000E-002,5.000000E-002,5.000000E-002,5.000000E-002,5.000000E-002,5.000000E-002,5.000000E-002,5.000000E-002,5.000000E-002,5.000000E-002,5.000000E-002,5.000000E-002,5.000000E-002,5.000000E-002,5.000000E-002,5.000000E-002,5.000000E-002,5.000000E-002,5.000000E-002,5.000000E-002,5.000000E-002,5.000000E-002,5.000000E-002,5.000000E-002,5.000000E-002,5.000000E-002,5.000000E-002,5.000000E-002,5.000000E-002,5.000000E-002,5.000000E-002,5.000000E-002,5.000000E-002,5.000000E-002,5.000000E-002,5.000000E-002,5.000000E-002,5.000000E-002,5.000000E-002,5.000000E-002,5.000000E-002,5.000000E-002,5.000000E-002,4.999997E-002,4.999986E-002,4.999937E-002,4.999748E-002,4.999093E-002,4.997077E-002,4.991563E-002,4.978186E-002,4.949458E-002,4.894967E-002,4.803882E-002,4.669902E-002,4.496094E-002,4.294623E-002,4.077572E-002,3.841724E-002,3.558417E-002,3.181147E-002,2.673445E-002,2.043612E-002,1.364388E-002,7.626488E-003,3.812426E-003,3.293060E-003,6.416281E-003,1.263572E-002,2.068758E-002,2.903182E-002,3.636118E-002,4.194378E-002,4.567270E-002,4.787305E-002
5.000000E-002,5.000000E-002,5.000000E-002,5.000000E-002,5.000000E-002,5.000000E-002,5.000000E-002,5.000000E-002,5.000000E-002,5.000000E-002,5.000000E-002,5.000000E-002,5.000000E-002,5.000000E-002,5.000000E-002,5.000000E-002,5.000000E-002,5.000000E-002,5.000000E-002,5.000000E-002,5.000000E-002,5.000000E-002,5.000000E-002,5.000000E-002,5.000000E-002,5.000000E-002,5.000000E-002,5.000000E-002,5.000000E-002,5.000000E-002,5.000000E-002,5.000000E-002,5.000000E-002,5.000000E-002,5.000000E-002,5.000000E-002,5.000000E-002,5.000000E-002,5.000000E-002,5.000000E-002,5.000000E-002,5.000000E-002,5.000000E-002,5.000000E-002,5.000000E-002,5.000000E-002,5.000000E-002,5.000000E-002,5.000000E-002,5.000000E-002,5.000000E-002,5.000000E-002,5.000000E-002,5.000000E-002,5.000000E-002,5.000000E-002,5.000000E-002,5.000000E-002,5.000000E-002,5.000000E-002,5.000000E-002,5.000000E-002,5.000000E-002,5.000000E-002,5.000000E-002,5.000000E-002,5.000000E-002,5.000000E-002,5.000000E-002,5.000000E-002,5.000000E-002,5.000000E-002,5.000000E-002,5.000000E-002,5.000000E-002,5.000000E-002,5.000000E-002,5.000000E-002,5.000000E-002,5.000000E-002,5.000000E-002,5.000000E-002,5.000000E-002,5.000000E-002,5.000000E-002,5.000000E-002,5.000000E-002,5.000000E-002,5.000000E-002,5.000000E-002,5.000000E-002,5.000000E-002,5.000000E-002,5.000000E-002,5.000000E-002,5.000000E-002,4.999999E-002,4.999992E-002,4.999966E-002,4.999864E-002,4.999512E-002,4.998428E-002,4.995465E-002,4.988275E-002,4.972810E-002,4.943332E-002,4.893474E-002,4.818164E-002,4.714775E-002,4.580796E-002,4.406744E-002,4.167909E-002,3.823645E-002,3.332306E-002,2.680363E-002,1.910915E-002,1.131595E-002,4.914356E-003,1.345021E-003,1.509137E-003,5.457946E-003,1.237449E-002,2.084733E-002,2.933042E-002,3.660385E-002,4.204709E-002,4.563904E-002,4.774863E-002
5.000000E-002,5.000000E-002,5.000000E-002,5.000000E-002,5.000000E-002,5.000000E-002,5.000000E-002,5.000000E-002,5.000000E-002,5.000000E-002,5.000000E-002,5.000000E-002,5.000000E-002,5.000000E-002,5.000000E-002,5.000000E-002,5.000000E-002,5.000000E-002,5.000000E-002,5.000000E-002,5.000000E-002,5.000000E-002,5.000000E-002,5.000000E-002,5.000000E-002,5.000000E-002,5.000000E-002,5.000000E-002,5.000000E-002,5.000000E-002,5.000000E-002,5.000000E-002,5.000000E-002,5.000000E-002,5.000000E-002,5.000000E-002,5.000000E-002,5.000000E-002,5.000000E-002,5.000000E-002,5.000000E-002,5.000000E-002,5.000000E-002,5.000000E-002,5.000000E-002,5.000000E-002,5.000000E-002,5.000000E-002,5.000000E-002,5.000000E-002,5.000000E-002,5.000000E-002,5.000000E-002,5.000000E-002,5.000000E-002,5.000000E-002,5.000000E-002,5.000000E-002,5.000000E-002,5.000000E-002,5.000000E-002,5.000000E-002,5.000000E-002,5.000000E-002,5.000000E-002,5.000000E-002,5.000000E-002,5.000000E-002,5.000000E-002,5.000000E-002,5.000000E-002,5.000000E-002,5.000000E-002,5.000000E-002,5.000000E-002,5.000000E-002,5.000000E-002,5.000000E-002,5.000000E-002,5.000000E-002,5.000000E-002,5.000000E-002,5.000000E-002,5.000000E-002,5.000000E-002,5.000000E-002,5.000000E-002,5.000000E-002,5.000000E-002,5.000000E-002,5.000000E-002,5.000000E-002,5.000000E-002,5.000000E-002,5.000000E-002,5.000000E-002,4.999999E-002,4.999996E-002,4.999984E-002,4.999934E-002,4.999764E-002,4.999241E-002,4.997809E-002,4.994326E-002,4.986789E-002,4.972238E-002,4.946946E-002,4.906605E-002,4.845408E-002,4.752733E-002,4.607629E-002,4.374950E-002,4.010214E-002,3.478364E-002,2.782462E-002,1.986824E-002,1.216145E-002,6.236924E-003,3.408642E-003,4.320116E-003,8.743234E-003,1.568514E-002,2.373149E-002,3.148468E-002,3.793728E-002,4.265253E-002,4.571338E-002,4.751103E-002
5.000000E-002,5.000000E-002,5.000000E-002,5.000000E-002,5.000000E-002,5.000000E-002,5.000000E-002,5.000000E-002,5.000000E-002,5.000000E-002,5.000000E-002,5.000000E-002,5.000000E-002,5.000000E-002,5.000000E-002,5.000000E-002,5.000000E-002,5.000000E-002,5.000000E-002,5.000000E-002,5.000000E-002,5.000000E-002,5.000000E-002,5.000000E-002,5.000000E-002,5.000000E-002,5.000000E-002,5.000000E-002,5.000000E-002,5.000000E-002,5.000000E-002,5.000000E-002,5.000000E-002,5.000000E-002,5.000000E-002,5.000000E-002,5.000000E-002,5.000000E-002,5.000000E-002,5.000000E-002,5.000000E-002,5.000000E-002,5.000000E-002,5.000000E-002,5.000000E-002,5.000000E-002,5.000000E-002,5.000000E-002,5.000000E-002,5.000000E-002,5.000000E-002,5.000000E-002,5.000000E-002,5.000000E-002,5.000000E-002,5.000000E-002,5.000000E-002,5.000000E-002,5.000000E-002,5.000000E-002,5.000000E-002,5.000000E-002,5.000000E-002,5.000000E-002,5.000000E-002,5.000000E-002,5.000000E-002,5.000000E-002,5.000000E-002,5.000000E-002,5.000000E-002,5.000000E-002,5.000000E-002,5.000000E-002,5.000000E-002,5.000000E-002,5.000000E-002,5.000000E-002,5.000000E-002,5.000000E-002,5.000000E-002,5.000000E-002,5.000000E-002,5.000000E-002,5.000000E-002,5.000000E-002,5.000000E-002,5.000000E-002,5.000000E-002,5.000000E-002,5.000000E-002,5.000000E-002,5.000000E-002,5.000000E-002,5.000000E-002,5.000000E-002,5.000000E-002,4.999998E-002,4.999993E-002,4.999972E-002,4.999898E-002,4.999671E-002,4.999048E-002,4.997521E-002,4.994173E-002,4.987521E-002,4.975316E-002,4.953910E-002,4.916512E-002,4.849731E-002,4.729320E-002,4.518772E-002,4.176528E-002,3.675161E-002,3.027457E-002,2.304529E-002,1.629528E-002,1.142721E-002,9.524618E-003,1.096688E-002,1.532771E-002,2.156860E-002,2.840648E-002,3.469874E-002,3.971796E-002,4.324396E-002,4.547136E-002,4.680324E-002
5.000000E-002,5.000000E-002,5.000000E-002,5.000000E-002,5.000000E-002,5.000000E-002,5.000000E-002,5.000000E-002,5.000000E-002,5.000000E-002,5.000000E-002,5.000000E-002,5.000000E-002,5.000000E-002,5.000000E-002,5.000000E-002,5.000000E-002,5.000000E-002,5.000000E-002,5.000000E-002,5.000000E-002,5.000000E-002,5.000000E-002,5.000000E-002,5.000000E-002,5.000000E-002,5.000000E-002,5.000000E-002,5.000000E-002,5.000000E-002,5.000000E-002,5.000000E-002,5.000000E-002,5.000000E-002,5.000000E-002,5.000000E-002,5.000000E-002,5.000000E-002,5.000000E-002,5.000000E-002,5.000000E-002,5.000000E-002,5.000000E-002,5.000000E-002,5.000000E-002,5.000000E-002,5.000000E-002,5.000000E-002,5.000000E-002,5.000000E-002,5.000000E-002,5.000000E-002,5.000000E-002,5.000000E-002,5.000000E-002,5.000000E-002,5.000000E-002,5.000000E-002,5.000000E-002,5.000000E-002,5.000000E-002,5.000000E-002,5.000000E-002,5.000000E-002,5.000000E-002,5.000000E-002,5.000000E-002,5.000000E-002,5.000000E-002,5.000000E-002,5.000000E-002,5.000000E-002,5.000000E-002,5.000000E-002,5.000000E-002,5.000000E-002,5.000000E-002,5.000000E-002,5.000000E-002,5.000000E-002,5.000000E-002,5.000000E-002,5.000000E-002,5.000000E-002,5.000000E-002,5.000000E-002,5.000000E-002,5.000000E-002,5.000000E-002,5.000000E-002,5.000000E-002,5.000000E-002,5.000000E-002,5.000000E-002,5.000000E-002,5.000000E-002,5.000000E-002,4.999999E-002,4.999997E-002,4.999989E-002,4.999960E-002,4.999872E-002,4.999626E-002,4.999017E-002,4.997639E-002,4.994746E-002,4.988919E-002,4.977233E-002,4.953449E-002,4.905000E-002,4.809813E-002,4.636113E-002,4.349676E-002,3.930737E-002,3.395571E-002,2.809835E-002,2.280101E-002,1.921221E-002,1.813726E-002,1.973651E-002,2.349556E-002,2.845115E-002,3.353753E-002,3.790485E-002,4.111272E-002,4.316028E-002,4.436576E-002,4.515879E-002
5.000000E-002,5.000000E-002,5.000000E-002,5.000000E-002,5.000000E-002,5.000000E-002,5.000000E-002,5.000000E-002,5.000000E-002,5.000000E-002,5.000000E-002,5.000000E-002,5.000000E-002,5.000000E-002,5.000000E-002,5.000000E-002,5.000000E-002,5.000000E-002,5.000000E-002,5.000000E-002,5.000000E-002,5.000000E-002,5.000000E-002,5.000000E-002,5.000000E-002,5.000000E-002,5.000000E-002,5.000000E-002,5.000000E-002,5.000000E-002,5.000000E-002,5.000000E-002,5.000000E-002,5.000000E-002,5.000000E-002,5.000000E-002,5.000000E-002,5.000000E-002,5.000000E-002,5.000000E-002,5.000000E-002,5.000000E-002,5.000000E-002,5.000000E-002,5.000000E-002,5.000000E-002,5.000000E-002,5.000000E-002,5.000000E-002,5.000000E-002,5.000000E-002,5.000000E-002,5.000000E-002,5.000000E-002,5.000000E-002,5.000000E-002,5.000000E-002,5.000000E-002,5.000000E-002,5.000000E-002,5.000000E-002,5.000000E-002,5.000000E-002,5.000000E-002,5.000000E-002,5.000000E-002,5.000000E-002,5.000000E-002,5.000000E-002,5.000000E-002,5.000000E-002,5.000000E-002,5.000000E-002,5.000000E-002,5.000000E-002,5.000000E-002,5.000000E-002,5.000000E-002,5.000000E-002,5.000000E-002,5.000000E-002,5.000000E-002,5.000000E-002,5.000000E-002,5.000000E-002,5.000000E-002,5.000000E-002,5.000000E-002,5.000000E-002,5.000000E-002,5.000000E-002,5.000000E-002,5.000000E-002,5.000000E-002,5.000000E-002,5.000000E-002,5.000000E-002,5.000000E-002,4.999999E-002,4.999996E-002,4.999986E-002,4.999955E-002,4.999867E-002,4.999641E-002,4.999101E-002,4.997855E-002,4.994996E-002,4.988367E-002,4.973078E-002,4.939219E-002,4.869632E-002,4.740167E-002,4.525677E-002,4.213126E-002,3.817709E-002,3.391930E-002,3.017421E-002,2.778321E-002,2.728063E-002,2.867538E-002,3.145866E-002,3.481410E-002,3.791291E-002,4.017325E-002,4.140861E-002,4.183143E-002,4.191356E-002,4.215568E-002
5.000000E-002,5.000000E-002,5.000000E-002,5.000000E-002,5.000000E-002,5.000000E-002,5.000000E-002,5.000000E-002,5.000000E-002,5.000000E-002,5.000000E-002,5.000000E-002,5.000000E-002,5.000000E-002,5.000000E-002,5.000000E-002,5.000000E-002,5.000000E-002,5.000000E-002,5.000000E-002,5.000000E-002,5.000000E-002,5.000000E-002,5.000000E-002,5.000000E-002,5.000000E-002,5.000000E-002,5.000000E-002,5.000000E-002,5.000000E-002,5.000000E-002,5.000000E-002,5.000000E-002,5.000000E-002,5.000000E-002,5.000000E-002,5.000000E-002,5.000000E-002,5.000000E-002,5.000000E-002,5.000000E-002,5.000000E-002,5.000000E-002,5.000000E-002,5.000000E-002,5.000000E-002,5.000000E-002,5.000000E-002,5.000000E-002,5.000000E-002,5.000000E-002,5.000000E-002,5.000000E-002,5.000000E-002,5.000000E-002,5.000000E-002,5.000000E-002,5.000000E-002,5.000000E-002,5.000000E-002,5.000000E-002,5.000000E-002,5.000000E-002,5.000000E-002,5.000000E-002,5.000000E-002,5.000000E-002,5.000000E-002,5.000000E-002,5.000000E-002,5.000000E-002,5.000000E-002,5.000000E-002,5.000000E-002,5.000000E-002,5.000000E-002,5.000000E-002,5.000000E-002,5.000000E-002,5.000000E-002,5.000000E-002,5.000000E-002,5.000000E-002,5.000000E-002,5.000000E-002,5.000000E-002,5.000000E-002,5.000000E-002,5.000000E-002,5.000000E-002,5.000000E-002,5.000000E-002,5.000000E-002,5.000000E-002,5.000000E-002,5.000000E-002,5.000000E-002,5.000000E-002,5.000000E-002,4.999999E-002,4.999996E-002,4.999986E-002,4.999956E-002,4.999876E-002,4.999666E-002,4.999115E-002,4.997659E-002,4.993855E-002,4.984345E-002,4.962307E-002,4.916026E-002,4.829227E-002,4.685343E-002,4.476537E-002,4.214512E-002,3.936141E-002,3.696928E-002,3.551744E-002,3.531384E-002,3.627705E-002,3.795281E-002,3.968050E-002,4.082999E-002,4.102476E-002,4.028519E-002,3.903663E-002,3.795120E-002,3.766390E-002
5.000000E-002,5.000000E-002,5.000000E-002,5.000000E-002,5.000000E-002,5.000000E-002,5.000000E-002,5.000000E-002,5.000000E-002,5.000000E-002,5.000000E-002,5.000000E-002,5.000000E-002,5.000000E-002,5.000000E-002,5.000000E-002,5.000000E-002,5.000000E-002,5.000000E-002,5.000000E-002,5.000000E-002,5.000000E-002,5.000000E-002,5.000000E-002,5.000000E-002,5.000000E-002,5.000000E-002,5.000000E-002,5.000000E-002,5.000000E-002,5.000000E-002,5.000000E-002,5.000000E-002,5.000000E-002,5.000000E-002,5.000000E-002,5.000000E-002,5.000000E-002,5.000000E-002,5.000000E-002,5.000000E-002,5.000000E-002,5.000000E-002,5.000000E-002,5.000000E-002,5.000000E-002,5.000000E-002,5.000000E-002,5.000000E-002,5.000000E-002,5.000000E-002,5.000000E-002,5.000000E-002,5.000000E-002,5.000000E-002,5.000000E-002,5.000000E-002,5.000000E-002,5.000000E-002,5.000000E-002,5.000000E-002,5.000000E-002,5.000000E-002,5.000000E-002,5.000000E-002,5.000000E-002,5.000000E-002,5.000000E-002,5.000000E-002,5.000000E-002,5.000000E-002,5.000000E-002,5.000000E-002,5.000000E-002,5.000000E-002,5.000000E-002,5.000000E-002,5.000000E-002,5.000000E-002,5.000000E-002,5.000000E-002,5.000000E-002,5.000000E-002,5.000000E-002,5.000000E-002,5.000000E-002,5.000000E-002,5.000000E-002,5.000000E-002,5.000000E-002,5.000000E-002,5.000000E-002,5.000000E-002,5.000000E-002,5.000000E-002,5.000000E-002,5.000000E-002,5.000000E-002,5.000000E-002,5.000000E-002,4.999999E-002,4.999996E-002,4.999986E-002,4.999958E-002,4.999874E-002,4.999621E-002,4.998872E-002,4.996757E-002,4.991230E-002,4.978134E-002,4.950363E-002,4.898128E-002,4.811629E-002,4.686576E-002,4.530686E-002,4.366808E-002,4.228361E-002,4.146738E-002,4.136031E-002,4.183114E-002,4.248480E-002,4.277928E-002,4.221533E-002,4.054992E-002,3.796546E-002,3.510106E-002,3.287041E-002,3.209805E-002
5.000000E-002,5.000000E-002,5.000000E-002,5.000000E-002,5.000000E-002,5.000000E-002,5.000000E-002,5.000000E-002,5.000000E-002,5.000000E-002,5.000000E-002,5.000000E-002,5.000000E-002,5.000000E-002,5.000000E-002,5.000000E-002,5.000000E-002,5.000000E-002,5.000000E-002,5.000000E-002,5.000000E-002,5.000000E-002,5.000000E-002,5.000000E-002,5.000000E-002,5.000000E-002,5.000000E-002,5.000000E-002,5.000000E-002,5.000000E-002,5.000000E-002,5.000000E-002,5.000000E-002,5.000000E-002,5.000000E-002,5.000000E-002,5.000000E-002,5.000000E-002,5.000000E-002,5.000000E-002,5.000000E-002,5.000000E-002,5.000000E-002,5.000000E-002,5.000000E-002,5.000000E-002,5.000000E-002,5.000000E-002,5.000000E-002,5.000000E-002,5.000000E-002,5.000000E-002,5.000000E-002,5.000000E-002,5.000000E-002,5.000000E-002,5.000000E-002,5.000000E-002,5.000000E-002,5.000000E-002,5.000000E-002,5.000000E-002,5.000000E-002,5.000000E-002,5.000000E-002,5.000000E-002,5.000000E-002,5.000000E-002,5.000000E-002,5.000000E-002,5.000000E-002,5.000000E-002,5.000000E-002,5.000000E-002,5.000000E-002,5.000000E-002,5.000000E-002,5.000000E-002,5.000000E-002,5.000000E-002,5.000000E-002,5.000000E-002,5.000000E-002,5.000000E-002,5.000000E-002,5.000000E-002,5.000000E-002,5.000000E-002,5.000000E-002,5.000000E-002,5.000000E-002,5.000000E-002,5.000000E-002,5.000000E-002,5.000000E-002,5.000000E-002,5.000000E-002,5.000000E-002,5.000000E-002,5.000000E-002,5.000000E-002,4.999999E-002,4.999996E-002,4.999986E-002,4.999951E-002,4.999834E-002,4.999460E-002,4.998361E-002,4.995424E-002,4.988390E-002,4.973415E-002,4.945231E-002,4.898628E-002,4.831466E-002,4.748158E-002,4.661181E-002,4.588159E-002,4.544216E-002,4.532430E-002,4.536908E-002,4.522228E-002,4.441044E-002,4.250099E-002,3.932480E-002,3.518514E-002,3.091727E-002,2.767916E-002,2.649985E-002
5.000000E-002,5.000000E-002,5.000000E-002,5.000000E-002,5.000000E-002,5.000000E-002,5.000000E-002,5.000000E-002,5.000000E-002,5.000000E-002,5.000000E-002,5.000000E-002,5.000000E-002,5.000000E-002,5.000000E-002,5.000000E-002,5.000000E-002,5.000000E-002,5.000000E-002,5.000000E-002,5.000000E-002,5.000000E-002,5.000000E-002,5.000000E-002,5.000000E-002,5.000000E-002,5.000000E-002,5.000000E-002,5.000000E-002,5.000000E-002,5.000000E-002,5.000000E-002,5.000000E-002,5.000000E-002,5.000000E-002,5.000000E-002,5.000000E-002,5.000000E-002,5.000000E-002,5.000000E-002,5.000000E-002,5.000000E-002,5.000000E-002,5.000000E-002,5.000000E-002,5.000000E-002,5.000000E-002,5.000000E-002,5.000000E-002,5.000000E-002,5.000000E-002,5.000000E-002,5.000000E-002,5.000000E-002,5.000000E-002,5.000000E-002,5.000000E-002,5.000000E-002,5.000000E-002,5.000000E-002,5.000000E-002,5.000000E-002,5.000000E-002,5.000000E-002,5.000000E-002,5.000000E-002,5.000000E-002,5.000000E-002,5.000000E-002,5.000000E-002,5.000000E-002,5.000000E-002,5.000000E-002,5.000000E-002,5.000000E-002,5.000000E-002,5.000000E-002,5.000000E-002,5.000000E-002,5.000000E-002,5.000000E-002,5.000000E-002,5.000000E-002,5.000000E-002,5.000000E-002,5.000000E-002,5.000000E-002,5.000000E-002,5.000000E-002,5.000000E-002,5.000000E-002,5.000000E-002,5.000000E-002,5.000000E-002,5.000000E-002,5.000000E-002,5.000000E-002,5.000000E-002,5.000000E-002,5.000000E-002,5.000000E-002,5.000000E-002,4.999999E-002,4.999995E-002,4.999980E-002,4.999928E-002,4.999754E-002,4.999231E-002,4.997819E-002,4.994423E-002,4.987181E-002,4.973554E-002,4.951053E-002,4.918701E-002,4.878685E-002,4.836942E-002,4.801360E-002,4.777252E-002,4.761288E-002,4.736181E-002,4.668912E-002,4.515587E-002,4.235829E-002,3.816332E-002,3.295170E-002,2.770027E-002,2.375128E-002,2.229204E-002
5.000000E-002,5.000000E-002,5.000000E-002,5.000000E-002,5.000000E-002,5.000000E-002,5.000000E-002,5.000000E-002,5.000000E-002,5.000000E-002,5.000000E-002,5.000000E-002,5.000000E-002,5.000000E-002,5.000000E-002,5.000000E-002,5.000000E-002,5.000000E-002,5.000000E-002,5.000000E-002,5.000000E-002,5.000000E-002,5.000000E-002,5.000000E-002,5.000000E-002,5.000000E-002,5.000000E-002,5.000000E-002,5.000000E-002,5.000000E-002,5.000000E-002,5.000000E-002,5.000000E-002,5.000000E-002,5.000000E-002,5.000000E-002,5.000000E-002,5.000000E-002,5.000000E-002,5.000000E-002,5.000000E-002,5.000000E-002,5.000000E-002,5.000000E-002,5.000000E-002,5.000000E-002,5.000000E-002,5.000000E-002,5.000000E-002,5.000000E-002,5.000000E-002,5.000000E-002,5.000000E-002,5.000000E-002,5.000000E-002,5.000000E-002,5.000000E-002,5.000000E-002,5.000000E-002,5.000000E-002,5.000000E-002,5.000000E-002,5.000000E-002,5.000000E-002,5.000000E-002,5.000000E-002,5.000000E-002,5.000000E-002,5.000000E-002,5.000000E-002,5.000000E-002,5.000000E-002,5.000000E-002,5.000000E-002,5.000000E-002,5.000000E-002,5.000000E-002,5.000000E-002,5.000000E-002,5.000000E-002,5.000000E-002,5.000000E-002,5.000000E-002,5.000000E-002,5.000000E-002,5.000000E-002,5.000000E-002,5.000000E-002,5.000000E-002,5.000000E-002,5.000000E-002,5.000000E-002,5.000000E-002,5.000000E-002,5.000000E-002,5.000000E-002,5.000000E-002,5.000000E-002,5.000000E-002,5.000000E-002,5.000000E-002,5.000000E-002,5.000000E-002,4.999998E-002,4.999992E-002,4.999970E-002,4.999896E-002,4.999671E-002,4.999061E-002,4.997590E-002,4.994452E-002,4.988550E-002,4.978814E-002,4.964831E-002,4.947522E-002,4.929265E-002,4.912757E-002,4.898242E-002,4.879369E-002,4.838787E-002,4.745668E-002,4.558941E-002,4.240486E-002,3.778896E-002,3.215123E-002,2.651802E-002,2.229625E-002,2.072893E-002
5.000000E-002,5.000000E-002,5.000000E-002,5.000000E-002,5.000000E-002,5.000000E-002,5.000000E-002,5.000000E-002,5.000000E-002,5.000000E-002,5.000000E-002,5.000000E-002,5.000000E-002,5.000000E-002,5.000000E-002,5.000000E-002,5.000000E-002,5.000000E-002,5.000000E-002,5.000000E-002,5.000000E-002,5.000000E-002,5.000000E-002,5.000000E-002,5.000000E-002,5.000000E-002,5.000000E-002,5.000000E-002,5.000000E-002,5.000000E-002,5.000000E-002,5.000000E-002,5.000000E-002,5.000000E-002,5.000000E-002,5.000000E-002,5.000000E-002,5.000000E-002,5.000000E-002,5.000000E-002,5.000000E-002,5.000000E-002,5.000000E-002,5.000000E-002,5.000000E-002,5.000000E-002,5.000000E-002,5.000000E-002,5.000000E-002,5.000000E-002,5.000000E-002,5.000000E-002,5.000000E-002,5.000000E-002,5.000000E-002,5.000000E-002,5.000000E-002,5.000000E-002,5.000000E-002,5.000000E-002,5.000000E-002,5.000000E-002,5.000000E-002,5.000000E-002,5.000000E-002,5.000000E-002,5.000000E-002,5.000000E-002,5.000000E-002,5.000000E-002,5.000000E-002,5.000000E-002,5.000000E-002,5.000000E-002,5.000000E-002,5.000000E-002,5.000000E-002,5.000000E-002,5.000000E-002,5.000000E-002,5.000000E-002,5.000000E-002,5.000000E-002,5.000000E-002,5.000000E-002,5.000000E-002,5.000000E-002,5.000000E-002,5.000000E-002,5.000000E-002,5.000000E-002,5.000000E-002,5.000000E-002,5.000000E-002,5.000000E-002,5.000000E-002,5.000000E-002,5.000000E-002,5.000000E-002,5.000000E-002,5.000000E-002,5.000000E-002,5.000000E-002,4.999999E-002,4.999997E-002,4.999989E-002,4.999960E-002,4.999873E-002,4.999637E-002,4.999066E-002,4.997848E-002,4.995558E-002,4.991782E-002,4.986352E-002,4.979575E-002,4.972164E-002,4.964470E-002,4.954657E-002,4.935682E-002,4.891573E-002,4.794831E-002,4.608708E-002,4.298888E-002,3.855540E-002,3.317590E-002,2.781820E-002,2.380826E-002,2.231727E-002
5.000000E-002,5.000000E-002,5.000000E-002,5.000000E-002,5.000000E-002,5.000000E-002,5.000000E-002,5.000000E-002,5.000000E-002,5.000000E-002,5.000000E-002,5.000000E-002,5.000000E-002,5.000000E-002,5.000000E-002,5.000000E-002,5.000000E-002,5.000000E-002,5.000000E-002,5.000000E-002,5.000000E-002,5.000000E-002,5.000000E-002,5.000000E-002,5.000000E-002,5.000000E-002,5.000000E-002,5.000000E-002,5.000000E-002,5.000000E-002,5.000000E-002,5.000000E-002,5.000000E-002,5.000000E-002,5.000000E-002,5.000000E-002,5.000000E-002,5.000000E-002,5.000000E-002,5.000000E-002,5.000000E-002,5.000000E-002,5.000000E-002,5.000000E-002,5.000000E-002,5.000000E-002,5.000000E-002,5.000000E-002,5.000000E-002,5.000000E-002,5.000000E-002,5.000000E-002,5.000000E-002,5.000000E-002,5.000000E-002,5.000000E-002,5.000000E-002,5.000000E-002,5.000000E-002,5.000000E-002,5.000000E-002,5.000000E-002,5.000000E-002,5.000000E-002,5.000000E-002,5.000000E-002,5.000000E-002,5.000000E-002,5.000000E-002,5.000000E-002,5.000000E-002,5.000000E-002,5.000000E-002,5.000000E-002,5.000000E-002,5.000000E-002,5.000000E-002,5.000000E-002,5.000000E-002,5.000000E-002,5.000000E-002,5.000000E-002,5.000000E-002,5.000000E-002,5.000000E-002,5.000000E-002,5.000000E-002,5.000000E-002,5.000000E-002,5.000000E-002,5.000000E-002,5.000000E-002,5.000000E-002,5.000000E-002,5.000000E-002,5.000000E-002,5.000000E-002,5.000000E-002,5.000000E-002,5.000000E-002,5.000000E-002,5.000000E-002,5.000000E-002,5.000000E-002,4.999999E-002,4.999996E-002,4.999986E-002,4.999956E-002,4.999874E-002,4.999675E-002,4.999252E-002,4.998456E-002,4.997142E-002,4.995241E-002,4.992810E-002,4.989911E-002,4.986075E-002,4.979035E-002,4.962485E-002,4.923085E-002,4.838156E-002,4.677332E-002,4.412164E-002,4.034642E-002,3.577758E-002,3.123312E-002,2.783368E-002,2.656902E-002
5.000000E-002,5.000000E-002,5.000000E-002,5.000000E-002,5.000000E-002,5.000000E-002,5.000000E-002,5.000000E-002,5.000000E-002,5.000000E-002,5.000000E-002,5.000000E-002,5.000000E-002,5.000000E-002,5.000000E-002,5.000000E-002,5.000000E-002,5.000000E-002,5.000000E-002,5.000000E-002,5.000000E-002,5.000000E-002,5.000000E-002,5.000000E-002,5.000000E-002,5.000000E-002,5.000000E-002,5.000000E-002,5.000000E-002,5.000000E-002,5.000000E-002,5.000000E-002,5.000000E-002,5.000000E-002,5.000000E-002,5.000000E-002,5.000000E-002,5.000000E-002,5.000000E-002,5.000000E-002,5.000000E-002,5.000000E-002,5.000000E-002,5.000000E-002,5.000000E-002,5.000000E-002,5.000000E-002,5.000000E-002,5.000000E-002,5.000000E-002,5.000000E-002,5.000000E-002,5.000000E-002,5.000000E-002,5.000000E-002,5.000000E-002,5.000000E-002,5.000000E-002,5.000000E-002,5.000000E-002,5.000000E-002,5.000000E-002,5.000000E-002,5.000000E-002,5.000000E-002,5.000000E-002,5.000000E-002,5.000000E-002,5.000000E-002,5.000000E-002,5.000000E-002,5.000000E-002,5.000000E-002,5.000000E-002,5.000000E-002,5.000000E-002,5.000000E-002,5.000000E-002,5.000000E-002,5.000000E-002,5.000000E-002,5.000000E-002,5.000000E-002,5.000000E-002,5.000000E-002,5.000000E-002,5.000000E-002,5.000000E-002,5.000000E-002,5.000000E-002,5.000000E-002,5.000000E-002,5.000000E-002,5.000000E-002,5.000000E-002,5.000000E-002,5.000000E-002,5.000000E-002,5.000000E-002,5.000000E-002,5.000000E-002,5.000000E-002,5.000000E-002,5.000000E-002,5.000000E-002,4.999999E-002,4.999996E-002,4.999986E-002,4.999961E-002,4.999899E-002,4.999767E-002,4.999519E-002,4.999108E-002,4.998503E-002,4.997682E-002,4.996523E-002,4.994431E-002,4.989468E-002,4.976756E-002,4.946252E-002,4.880968E-002,4.758136E-002,4.556392E-002,4.269760E-002,3.923238E-002,3.578743E-002,3.321102E-002,3.225237E-002
5.000000E-002,5.000000E-002,5.000000E-002,5.000000E-002,5.000000E-002,5.000000E-002,5.000000E-002,5.000000E-002,5.000000E-002,5.000000E-002,5.000000E-002,5.000000E-002,5.000000E-002,5.000000E-002,5.000000E-002,5.000000E-002,5.000000E-002,5.000000E-002,5.000000E-002,5.000000E-002,5.000000E-002,5.000000E-002,5.000000E-002,5.000000E-002,5.000000E-002,5.000000E-002,5.000000E-002,5.000000E-002,5.000000E-002,5.000000E-002,5.000000E-002,5.000000E-002,5.000000E-002,5.000000E-002,5.000000E-002,5.000000E-002,5.000000E-002,5.000000E-002,5.000000E-002,5.000000E-002,5.000000E-002,5.000000E-002,5.000000E-002,5.000000E-002,5.000000E-002,5.000000E-002,5.000000E-002,5.000000E-002,5.000000E-002,5.000000E-002,5.000000E-002,5.000000E-002,5.000000E-002,5.000000E-002,5.000000E-002,5.000000E-002,5.000000E-002,5.000000E-002,5.000000E-002,5.000000E-002,5.000000E-002,5.000000E-002,5.000000E-002,5.000000E-002,5.000000E-002,5.000000E-002,5.000000E-002,5.000000E-002,5.000000E-002,5.000000E-002,5.000000E-002,5.000000E-002,5.000000E-002,5.000000E-002,5.000000E-002,5.000000E-002,5.000000E-002,5.000000E-002,5.000000E-002,5.000000E-002,5.000000E-002,5.000000E-002,5.000000E-002,5.000000E-002,5.000000E-002,5.000000E-002,5.000000E-002,5.000000E-002,5.000000E-002,5.000000E-002,5.000000E-002,5.000000E-002,5.000000E-002,5.000000E-002,5.000000E-002,5.000000E-002,5.000000E-002,5.000000E-002,5.000000E-002,5.000000E-002,5.000000E-002,5.000000E-002,5.000000E-002,5.000000E-002,5.000000E-002,5.000000E-002,4.999999E-002,4.999996E-002,4.999989E-002,4.999972E-002,4.999935E-002,4.999866E-002,4.999749E-002,4.999570E-002,4.999297E-002,4.998797E-002,4.997601E-002,4.994335E-002,4.985664E-002,4.964800E-002,4.920283E-002,4.836746E-002,4.699758E-002,4.505294E-002,4.270298E-002,4.036726E-002,3.862058E-002,3.797061E-002
5.000000E-002,5.000000E-002,5.000000E-002,5.000000E-002,5.000000E-002,5.000000E-002,5.000000E-002,5.000000E-002,5.000000E-002,5.000000E-002,5.000000E-002,5.000000E-002,5.000000E-002,5.000000E-002,5.000000E-002,5.000000E-002,5.000000E-002,5.000000E-002,5.000000E-002,5.000000E-002,5.000000E-002,5.000000E-002,5.000000E-002,5.000000E-002,5.000000E-002,5.000000E-002,5.000000E-002,5.000000E-002,5.000000E-002,5.000000E-002,5.000000E-002,5.000000E-002,5.000000E-002,5.000000E-002,5.000000E-002,5.000000E-002,5.000000E-002,5.000000E-002,5.000000E-002,5.000000E-002,5.000000E-002,5.000000E-002,5.000000E-002,5.000000E-002,5.000000E-002,5.000000E-002,5.000000E-002,5.000000E-002,5.000000E-002,5.000000E-002,5.000000E-002,5.000000E-002,5.000000E-002,5.000000E-002,5.000000E-002,5.000000E-002,5.000000E-002,5.000000E-002,5.000000E-002,5.000000E-002,5.000000E-002,5.000000E-002,5.000000E-002,5.000000E-002,5.000000E-002,5.000000E-002,5.000000E-002,5.000000E-002,5.000000E-002,5.000000E-002,5.000000E-002,5.000000E-002,5.000000E-002,5.000000E-002,5.000000E-002,5.000000E-002,5.000000E-002,5.000000E-002,5.000000E-002,5.000000E-002,5.000000E-002,5.000000E-002,5.000000E-002,5.000000E-002,5.000000E-002,5.000000E-002,5.000000E-002,5.000000E-002,5.000000E-002,5.000000E-002,5.000000E-002,5.000000E-002,5.000000E-002,5.000000E-002,5.000000E-002,5.000000E-002,5.000000E-002,5.000000E-002,5.000000E-002,5.000000E-002,5.000000E-002,5.000000E-002,5.000000E-002,5.000000E-002,5.000000E-002,5.000000E-002,5.000000E-002,4.999999E-002,4.999997E-002,4.999993E-002,4.999984E-002,4.999966E-002,4.999936E-002,4.999885E-002,4.999789E-002,4.999557E-002,4.998886E-002,4.996928E-002,4.991654E-002,4.978952E-002,4.951884E-002,4.901146E-002,4.817999E-002,4.700007E-002,4.557446E-002,4.415761E-002,4.309810E-002,4.270384E-002
5.000000E-002,5.000000E-002,5.000000E-002,5.000000E-002,5.000000E-002,5.000000E-002,5.000000E-002,5.000000E-002,5.000000E-002,5.000000E-002,5.000000E-002,5.000000E-002,5.000000E-002,5.000000E-002,5.000000E-002,5.000000E-002,5.000000E-002,5.000000E-002,5.000000E-002,5.000000E-002,5.000000E-002,5.000000E-002,5.000000E-002,5.000000E-002,5.000000E-002,5.000000E-002,5.000000E-002,5.000000E-002,5.000000E-002,5.000000E-002,5.000000E-002,5.000000E-002,5.000000E-002,5.000000E-002,5.000000E-002,5.000000E-002,5.000000E-002,5.000000E-002,5.000000E-002,5.000000E-002,5.000000E-002,5.000000E-002,5.000000E-002,5.000000E-002,5.000000E-002,5.000000E-002,5.000000E-002,5.000000E-002,5.000000E-002,5.000000E-002,5.000000E-002,5.000000E-002,5.000000E-002,5.000000E-002,5.000000E-002,5.000000E-002,5.000000E-002,5.000000E-002,5.000000E-002,5.000000E-002,5.000000E-002,5.000000E-002,5.000000E-002,5.000000E-002,5.000000E-002,5.000000E-002,5.000000E-002,5.000000E-002,5.000000E-002,5.000000E-002,5.000000E-002,5.000000E-002,5.000000E-002,5.000000E-002,5.000000E-002,5.000000E-002,5.000000E-002,5.000000E-002,5.000000E-002,5.000000E-002,5.000000E-002,5.000000E-002,5.000000E-002,5.000000E-002,5.000000E-002,5.000000E-002,5.000000E-002,5.000000E-002,5.000000E-002,5.000000E-002,5.000000E-002,5.000000E-002,5.000000E-002,5.000000E-002,5.000000E-002,5.000000E-002,5.000000E-002,5.000000E-002,5.000000E-002,5.000000E-002,5.000000E-002,5.000000E-002,5.000000E-002,5.000000E-002,5.000000E-002,5.000000E-002,5.000000E-002,5.000000E-002,4.999999E-002,4.999998E-002,4.999996E-002,4.999992E-002,4.999985E-002,4.999970E-002,4.999933E-002,4.999823E-002,4.999471E-002,4.998413E-002,4.995548E-002,4.988643E-002,4.973937E-002,4.946383E-002,4.901242E-002,4.837192E-002,4.759812E-002,4.682909E-002,4.625402E-002,4.604003E-002
5.000000E-002,5.000000E-002,5.000000E-002,5.000000E-002,5.000000E-002,5.000000E-002,5.000000E-002,5.000000E-002,5.000000E-002,5.000000E-002,5.000000E-002,5.000000E-002,5.000000E-002,5.000000E-002,5.000000E-002,5.000000E-002,5.000000E-002,5.000000E-002,5.000000E-002,5.000000E-002,5.000000E-002,5.000000E-002,5.000000E-002,5.000000E-002,5.000000E-002,5.000000E-002,5.000000E-002,5.000000E-002,5.000000E-002,5.000000E-002,5.000000E-002,5.000000E-002,5.000000E-002,5.000000E-002,5.000000E-002,5.000000E-002,5.000000E-002,5.000000E-002,5.000000E-002,5.000000E-002,5.000000E-002,5.000000E-002,5.000000E-002,5.000000E-002,5.000000E-002,5.000000E-002,5.000000E-002,5.000000E-002,5.000000E-002,5.000000E-002,5.000000E-002,5.000000E-002,5.000000E-002,5.000000E-002,5.000000E-002,5.000000E-002,5.000000E-002,5.000000E-002,5.000000E-002,5.000000E-002,5.000000E-002,5.000000E-002,5.000000E-002,5.000000E-002,5.000000E-002,5.000000E-002,5.000000E-002,5.000000E-002,5.000000E-002,5.000000E-002,5.000000E-002,5.000000E-002,5.000000E-002,5.000000E-002,5.000000E-002,5.000000E-002,5.000000E-002,5.000000E-002,5.000000E-002,5.000000E-002,5.000000E-002,5.000000E-002,5.000000E-002,5.000000E-002,5.000000E-002,5.000000E-002,5.000000E-002,5.000000E-002,5.000000E-002,5.000000E-002,5.000000E-002,5.000000E-002,5.000000E-002,5.000000E-002,5.000000E-002,5.000000E-002,5.000000E-002,5.000000E-002,5.000000E-002,5.000000E-002,5.000000E-002,5.000000E-002,5.000000E-002,5.000000E-002,5.000000E-002,5.000000E-002,5.000000E-002,5.000000E-002,5.000000E-002,5.000000E-002,4.999999E-002,4.999998E-002,4.999997E-002,4.999992E-002,4.999977E-002,4.999927E-002,4.999758E-002,4.999245E-002,4.997853E-002,4.994497E-002,4.987352E-002,4.973967E-002,4.952041E-002,4.920931E-002,4.883349E-002,4.845998E-002,4.818069E-002,4.807676E-002
5.000000E-002,5.000000E-002,5.000000E-002,5.000000E-002,5.000000E-002,5.000000E-002,5.000000E-002,5.000000E-002,5.000000E-002,5.000000E-002,5.000000E-002,5.000000E-002,5.000000E-002,5.000000E-002,5.000000E-002,5.000000E-002,5.000000E-002,5.000000E-002,5.000000E-002,5.000000E-002,5.000000E-002,5.000000E-002,5.000000E-002,5.000000E-002,5.000000E-002,5.000000E-002,5.000000E-002,5.000000E-002,5.000000E-002,5.000000E-002,5.000000E-002,5.000000E-002,5.000000E-002,5.000000E-002,5.000000E-002,5.000000E-002,5.000000E-002,5.000000E-002,5.000000E-002,5.000000E-002,5.000000E-002,5.000000E-002,5.000000E-002,5.000000E-002,5.000000E-002,5.000000E-002,5.000000E-002,5.000000E-002,5.000000E-002,5.000000E-002,5.000000E-002,5.000000E-002,5.000000E-002,5.000000E-002,5.000000E-002,5.000000E-002,5.000000E-002,5.000000E-002,5.000000E-002,5.000000E-002,5.000000E-002,5.000000E-002,5.000000E-002,5.000000E-002,5.000000E-002,5.000000E-002,5.000000E-002,5.000000E-002,5.000000E-002,5.000000E-002,5.000000E-002,5.000000E-002,5.000000E-002,5.000000E-002,5.000000E-002,5.000000E-002,5.000000E-002,5.000000E-002,5.000000E-002,5.000000E-002,5.000000E-002,5.000000E-002,5.000000E-002,5.000000E-002,5.000000E-002,5.000000E-002,5.000000E-002,5.000000E-002,5.000000E-002,5.000000E-002,5.000000E-002,5.000000E-002,5.000000E-002,5.000000E-002,5.000000E-002,5.000000E-002,5.000000E-002,5.000000E-002,5.000000E-002,5.000000E-002,5.000000E-002,5.000000E-002,5.000000E-002,5.000000E-002,5.000000E-002,5.000000E-002,5.000000E-002,5.000000E-002,5.000000E-002,5.000000E-002,5.000000E-002,5.000000E-002,4.999999E-002,4.999998E-002,4.999992E-002,4.999970E-002,4.999898E-002,4.999675E-002,4.999070E-002,4.997611E-002,4.994505E-002,4.988687E-002,4.979158E-002,4.965637E-002,4.949304E-002,4.933071E-002,4.920933E-002,4.916416E-002
5.000000E-002,5.000000E-002,5.000000E-002,5.000000E-002,5.000000E-002,5.000000E-002,5.000000E-002,5.000000E-002,5.000000E-002,5.000000E-002,5.000000E-002,5.000000E-002,5.000000E-002,5.000000E-002,5.000000E-002,5.000000E-002,5.000000E-002,5.000000E-002,5.000000E-002,5.000000E-002,5.000000E-002,5.000000E-002,5.000000E-002,5.000000E-002,5.000000E-002,5.000000E-002,5.000000E-002,5.000000E-002,5.000000E-002,5.000000E-002,5.000000E-002,5.000000E-002,5.000000E-002,5.000000E-002,5.000000E-002,5.000000E-002,5.000000E-002,5.000000E-002,5.000000E-002,5.000000E-002,5.000000E-002,5.000000E-002,5.000000E-002,5.000000E-002,5.000000E-002,5.000000E-002,5.000000E-002,5.000000E-002,5.000000E-002,5.000000E-002,5.000000E-002,5.000000E-002,5.000000E-002,5.000000E-002,5.000000E-002,5.000000E-002,5.000000E-002,5.000000E-002,5.000000E-002,5.000000E-002,5.000000E-002,5.000000E-002,5.000000E-002,5.000000E-002,5.000000E-002,5.000000E-002,5.000000E-002,5.000000E-002,5.000000E-002,5.000000E-002,5.000000E-002,5.000000E-002,5.000000E-002,5.000000E-002,5.000000E-002,5.000000E-002,5.000000E-002,5.000000E-002,5.000000E-002,5.000000E-002,5.000000E-002,5.000000E-002,5.000000E-002,5.000000E-002,5.000000E-002,5.000000E-002,5.000000E-002,5.000000E-002,5.000000E-002,5.000000E-002,5.000000E-002,5.000000E-002,5.000000E-002,5.000000E-002,5.000000E-002,5.000000E-002,5.000000E-002,5.000000E-002,5.000000E-002,5.000000E-002,5.000000E-002,5.000000E-002,5.000000E-002,5.000000E-002,5.000000E-002,5.000000E-002,5.000000E-002,5.000000E-002,5.000000E-002,5.000000E-002,5.000000E-002,5.000000E-002,5.000000E-002,4.999999E-002,4.999997E-002,4.999989E-002,4.999961E-002,4.999874E-002,4.999639E-002,4.999071E-002,4.997863E-002,4.995601E-002,4.991895E-002,4.986637E-002,4.980284E-002,4.973972E-002,4.969251E-002,4.967495E-002
5.000000E-002,5.000000E-002,5.000000E-002,5.000000E-002,5.000000E-002,5.000000E-002,5.000000E-002,5.000000E-002,5.000000E-002,5.000000E-002,5.000000E-002,5.000000E-002,5.000000E-002,5.000000E-002,5.000000E-002,5.000000E-002,5.000000E-002,5.000000E-002,5.000000E-002,5.000000E-002,5.000000E-002,5.000000E-002,5.000000E-002,5.000000E-002,5.000000E-002,5.000000E-002,5.000000E-002,5.000000E-002,5.000000E-002,5.000000E-002,5.000000E-002,5.000000E-002,5.000000E-002,5.000000E-002,5.000000E-002,5.000000E-002,5.000000E-002,5.000000E-002,5.000000E-002,5.000000E-002,5.000000E-002,5.000000E-002,5.000000E-002,5.000000E-002,5.000000E-002,5.000000E-002,5.000000E-002,5.000000E-002,5.000000E-002,5.000000E-002,5.000000E-002,5.000000E-002,5.000000E-002,5.000000E-002,5.000000E-002,5.000000E-002,5.000000E-002,5.000000E-002,5.000000E-002,5.000000E-002,5.000000E-002,5.000000E-002,5.000000E-002,5.000000E-002,5.000000E-002,5.000000E-002,5.000000E-002,5.000000E-002,5.000000E-002,5.000000E-002,5.000000E-002,5.000000E-002,5.000000E-002,5.000000E-002,5.000000E-002,5.000000E-002,5.000000E-002,5.000000E-002,5.000000E-002,5.000000E-002,5.000000E-002,5.000000E-002,5.000000E-002,5.000000E-002,5.000000E-002,5.000000E-002,5.000000E-002,5.000000E-002,5.000000E-002,5.000000E-002,5.000000E-002,5.000000E-002,5.000000E-002,5.000000E-002,5.000000E-002,5.000000E-002,5.000000E-002,5.000000E-002,5.000000E-002,5.000000E-002,5.000000E-002,5.000000E-002,5.000000E-002,5.000000E-002,5.000000E-002,5.000000E-002,5.000000E-002,5.000000E-002,5.000000E-002,5.000000E-002,5.000000E-002,5.000000E-002,5.000000E-002,5.000000E-002,4.999999E-002,4.999996E-002,4.999986E-002,4.999956E-002,4.999874E-002,4.999677E-002,4.999256E-002,4.998469E-002,4.997179E-002,4.995350E-002,4.993139E-002,4.990942E-002,4.989299E-002,4.988688E-002
5.000000E-002,5.000000E-002,5.000000E-002,5.000000E-002,5.000000E-002,5.000000E-002,5.000000E-002,5.000000E-002,5.000000E-002,5.000000E-002,5.000000E-002,5.000000E-002,5.000000E-002,5.000000E-002,5.000000E-002,5.000000E-002,5.000000E-002,5.000000E-002,5.000000E-002,5.000000E-002,5.000000E-002,5.000000E-002,5.000000E-002,5.000000E-002,5.000000E-002,5.000000E-002,5.000000E-002,5.000000E-002,5.000000E-002,5.000000E-002,5.000000E-002,5.000000E-002,5.000000E-002,5.000000E-002,5.000000E-002,5.000000E-002,5.000000E-002,5.000000E-002,5.000000E-002,5.000000E-002,5.000000E-002,5.000000E-002,5.000000E-002,5.000000E-002,5.000000E-002,5.000000E-002,5.000000E-002,5.000000E-002,5.000000E-002,5.000000E-002,5.000000E-002,5.000000E-002,5.000000E-002,5.000000E-002,5.000000E-002,5.000000E-002,5.000000E-002,5.000000E-002,5.000000E-002,5.000000E-002,5.000000E-002,5.000000E-002,5.000000E-002,5.000000E-002,5.000000E-002,5.000000E-002,5.000000E-002,5.000000E-002,5.000000E-002,5.000000E-002,5.000000E-002,5.000000E-002,5.000000E-002,5.000000E-002,5.000000E-002,5.000000E-002,5.000000E-002,5.000000E-002,5.000000E-002,5.000000E-002,5.000000E-002,5.000000E-002,5.000000E-002,5.000000E-002,5.000000E-002,5.000000E-002,5.000000E-002,5.000000E-002,5.000000E-002,5.000000E-002,5.000000E-002,5.000000E-002,5.000000E-002,5.000000E-002,5.000000E-002,5.000000E-002,5.000000E-002,5.000000E-002,5.000000E-002,5.000000E-002,5.000000E-002,5.000000E-002,5.000000E-002,5.000000E-002,5.000000E-002,5.000000E-002,5.000000E-002,5.000000E-002,5.000000E-002,5.000000E-002,5.000000E-002,5.000000E-002,5.000000E-002,5.000000E-002,5.000000E-002,4.999999E-002,4.999996E-002,4.999986E-002,4.999961E-002,4.999899E-002,4.999768E-002,4.999523E-002,4.999122E-002,4.998552E-002,4.997863E-002,4.997179E-002,4.996668E-002,4.996477E-002
5.000000E-002,5.000000E-002,5.000000E-002,5.000000E-002,5.000000E-002,5.000000E-002,5.000000E-002,5.000000E-002,5.000000E-002,5.000000E-002,5.000000E-002,5.000000E-002,5.000000E-002,5.000000E-002,5.000000E-002,5.000000E-002,5.000000E-002,5.000000E-002,5.000000E-002,5.000000E-002,5.000000E-002,5.000000E-002,5.000000E-002,5.000000E-002,5.000000E-002,5.000000E-002,5.000000E-002,5.000000E-002,5.000000E-002,5.000000E-002,5.000000E-002,5.000000E-002,5.000000E-002,5.000000E-002,5.000000E-002,5.000000E-002,5.000000E-002,5.000000E-002,5.000000E-002,5.000000E-002,5.000000E-002,5.000000E-002,5.000000E-002,5.000000E-002,5.000000E-002,5.000000E-002,5.000000E-002,5.000000E-002,5.000000E-002,5.000000E-002,5.000000E-002,5.000000E-002,5.000000E-002,5.000000E-002,5.000000E-002,5.000000E-002,5.000000E-002,5.000000E-002,5.000000E-002,5.000000E-002,5.000000E-002,5.000000E-002,5.000000E-002,5.000000E-002,5.000000E-002,5.000000E-002,5.000000E-002,5.000000E-002,5.000000E-002,5.000000E-002,5.000000E-002,5.000000E-002,5.000000E-002,5.000000E-002,5.000000E-002,5.000000E-002,5.000000E-002,5.000000E-002,5.000000E-002,5.000000E-002,5.000000E-002,5.000000E-002,5.000000E-002,5.000000E-002,5.000000E-002,5.000000E-002,5.000000E-002,5.000000E-002,5.000000E-002,5.000000E-002,5.000000E-002,5.000000E-002,5.000000E-002,5.000000E-002,5.000000E-002,5.000000E-002,5.000000E-002,5.000000E-002,5.000000E-002,5.000000E-002,5.000000E-002,5.000000E-002,5.000000E-002,5.000000E-002,5.000000E-002,5.000000E-002,5.000000E-002,5.000000E-002,5.000000E-002,5.000000E-002,5.000000E-002,5.000000E-002,5.000000E-002,5.000000E-002,5.000000E-002,5.000000E-002,4.999999E-002,4.999996E-002,4.999989E-002,4.999972E-002,4.999935E-002,4.999867E-002,4.999755E-002,4.999596E-002,4.999405E-002,4.999214E-002,4.999071E-002,4.999018E-002
5.000000E-002,5.000000E-002,5.000000E-002,5.000000E-002,5.000000E-002,5.000000E-002,5.000000E-002,5.000000E-002,5.000000E-002,5.000000E-002,5.000000E-002,5.000000E-002,5.000000E-002,5.000000E-002,5.000000E-002,5.000000E-002,5.000000E-002,5.000000E-002,5.000000E-002,5.000000E-002,5.000000E-002,5.000000E-002,5.000000E-002,5.000000E-002,5.000000E-002,5.000000E-002,5.000000E-002,5.000000E-002,5.000000E-002,5.000000E-002,5.000000E-002,5.000000E-002,5.000000E-002,5.000000E-002,5.000000E-002,5.000000E-002,5.000000E-002,5.000000E-002,5.000000E-002,5.000000E-002,5.000000E-002,5.000000E-002,5.000000E-002,5.000000E-002,5.000000E-002,5.000000E-002,5.000000E-002,5.000000E-002,5.000000E-002,5.000000E-002,5.000000E-002,5.000000E-002,5.000000E-002,5.000000E-002,5.000000E-002,5.000000E-002,5.000000E-002,5.000000E-002,5.000000E-002,5.000000E-002,5.000000E-002,5.000000E-002,5.000000E-002,5.000000E-002,5.000000E-002,5.000000E-002,5.000000E-002,5.000000E-002,5.000000E-002,5.000000E-002,5.000000E-002,5.000000E-002,5.000000E-002,5.000000E-002,5.000000E-002,5.000000E-002,5.000000E-002,5.000000E-002,5.000000E-002,5.000000E-002,5.000000E-002,5.000000E-002,5.000000E-002,5.000000E-002,5.000000E-002,5.000000E-002,5.000000E-002,5.000000E-002,5.000000E-002,5.000000E-002,5.000000E-002,5.000000E-002,5.000000E-002,5.000000E-002,5.000000E-002,5.000000E-002,5.000000E-002,5.000000E-002,5.000000E-002,5.000000E-002,5.000000E-002,5.000000E-002,5.000000E-002,5.000000E-002,5.000000E-002,5.000000E-002,5.000000E-002,5.000000E-002,5.000000E-002,5.000000E-002,5.000000E-002,5.000000E-002,5.000000E-002,5.000000E-002,5.000000E-002,5.000000E-002,5.000000E-002,4.999999E-002,4.999997E-002,4.999993E-002,4.999984E-002,4.999967E-002,4.999939E-002,4.999899E-002,4.999852E-002,4.999804E-002,4.999768E-002,4.999755E-002
5.000000E-002,5.000000E-002,5.000000E-002,5.000000E-002,5.000000E-002,5.000000E-002,5.000000E-002,5.000000E-002,5.000000E-002,5.000000E-002,5.000000E-002,5.000000E-002,5.000000E-002,5.000000E-002,5.000000E-002,5.000000E-002,5.000000E-002,5.000000E-002,5.000000E-002,5.000000E-002,5.000000E-002,5.000000E-002,5.000000E-002,5.000000E-002,5.000000E-002,5.000000E-002,5.000000E-002,5.000000E-002,5.000000E-002,5.000000E-002,5.000000E-002,5.000000E-002,5.000000E-002,5.000000E-002,5.000000E-002,5.000000E-002,5.000000E-002,5.000000E-002,5.000000E-002,5.000000E-002,5.000000E-002,5.000000E-002,5.000000E-002,5.000000E-002,5.000000E-002,5.000000E-002,5.000000E-002,5.000000E-002,5.000000E-002,5.000000E-002,5.000000E-002,5.000000E-002,5.000000E-002,5.000000E-002,5.000000E-002,5.000000E-002,5.000000E-002,5.000000E-002,5.000000E-002,5.000000E-002,5.000000E-002,5.000000E-002,5.000000E-002,5.000000E-002,5.000000E-002,5.000000E-002,5.000000E-002,5.000000E-002,5.000000E-002,5.000000E-002,5.000000E-002,5.000000E-002,5.000000E-002,5.000000E-002,5.000000E-002,5.000000E-002,5.000000E-002,5.000000E-002,5.000000E-002,5.000000E-002,5.000000E-002,5.000000E-002,5.000000E-002,5.000000E-002,5.000000E-002,5.000000E-002,5.000000E-002,5.000000E-002,5.000000E-002,5.000000E-002,5.000000E-002,5.000000E-002,5.000000E-002,5.000000E-002,5.000000E-002,5.000000E-002,5.000000E-002,5.000000E-002,5.000000E-002,5.000000E-002,5.000000E-002,5.000000E-002,5.000000E-002,5.000000E-002,5.000000E-002,5.000000E-002,5.000000E-002,5.000000E-002,5.000000E-002,5.000000E-002,5.000000E-002,5.000000E-002,5.000000E-002,5.000000E-002,5.000000E-002,5.000000E-002,5.000000E-002,5.000000E-002,4.999999E-002,4.999998E-002,4.999996E-002,4.999993E-002,4.999986E-002,4.999978E-002,4.999967E-002,4.999956E-002,4.999948E-002,4.999945E-002
5.000000E-002,5.000000E-002,5.000000E-002,5.000000E-002,5.000000E-002,5.000000E-002,5.000000E-002,5.000000E-002,5.000000E-002,5.000000E-002,5.000000E-002,5.000000E-002,5.000000E-002,5.000000E-002,5.000000E-002,5.000000E-002,5.000000E-002,5.000000E-002,5.000000E-002,5.000000E-002,5.000000E-002,5.000000E-002,5.000000E-002,5.000000E-002,5.000000E-002,5.000000E-002,5.000000E-002,5.000000E-002,5.000000E-002,5.000000E-002,5.000000E-002,5.000000E-002,5.000000E-002,5.000000E-002,5.000000E-002,5.000000E-002,5.000000E-002,5.000000E-002,5.000000E-002,5.000000E-002,5.000000E-002,5.000000E-002,5.000000E-002,5.000000E-002,5.000000E-002,5.000000E-002,5.000000E-002,5.000000E-002,5.000000E-002,5.000000E-002,5.000000E-002,5.000000E-002,5.000000E-002,5.000000E-002,5.000000E-002,5.000000E-002,5.000000E-002,5.000000E-002,5.000000E-002,5.000000E-002,5.000000E-002,5.000000E-002,5.000000E-002,5.000000E-002,5.000000E-002,5.000000E-002,5.000000E-002,5.000000E-002,5.000000E-002,5.000000E-002,5.000000E-002,5.000000E-002,5.000000E-002,5.000000E-002,5.000000E-002,5.000000E-002,5.000000E-002,5.000000E-002,5.000000E-002,5.000000E-002,5.000000E-002,5.000000E-002,5.000000E-002,5.000000E-002,5.000000E-002,5.000000E-002,5.000000E-002,5.000000E-002,5.000000E-002,5.000000E-002,5.000000E-002,5.000000E-002,5.000000E-002,5.000000E-002,5.000000E-002,5.000000E-002,5.000000E-002,5.000000E-002,5.000000E-002,5.000000E-002,5.000000E-002,5.000000E-002,5.000000E-002,5.000000E-002,5.000000E-002,5.000000E-002,5.000000E-002,5.000000E-002,5.000000E-002,5.000000E-002,5.000000E-002,5.000000E-002,5.000000E-002,5.000000E-002,5.000000E-002,5.000000E-002,5.000000E-002,5.000000E-002,5.000000E-002,5.000000E-002,4.999999E-002,4.999999E-002,4.999997E-002,4.999996E-002,4.999993E-002,4.999991E-002,4.999990E-002,4.999989E-002
5.000000E-002,5.000000E-002,5.000000E-002,5.000000E-002,5.000000E-002,5.000000E-002,5.000000E-002,5.000000E-002,5.000000E-002,5.000000E-002,5.000000E-002,5.000000E-002,5.000000E-002,5.000000E-002,5.000000E-002,5.000000E-002,5.000000E-002,5.000000E-002,5.000000E-002,5.000000E-002,5.000000E-002,5.000000E-002,5.000000E-002,5.000000E-002,5.000000E-002,5.000000E-002,5.000000E-002,5.000000E-002,5.000000E-002,5.000000E-002,5.000000E-002,5.000000E-002,5.000000E-002,5.000000E-002,5.000000E-002,5.000000E-002,5.000000E-002,5.000000E-002,5.000000E-002,5.000000E-002,5.000000E-002,5.000000E-002,5.000000E-002,5.000000E-002,5.000000E-002,5.000000E-002,5.000000E-002,5.000000E-002,5.000000E-002,5.000000E-002,5.000000E-002,5.000000E-002,5.000000E-002,5.000000E-002,5.000000E-002,5.000000E-002,5.000000E-002,5.000000E-002,5.000000E-002,5.000000E-002,5.000000E-002,5.000000E-002,5.000000E-002,5.000000E-002,5.000000E-002,5.000000E-002,5.000000E-002,5.000000E-002,5.000000E-002,5.000000E-002,5.000000E-002,5.000000E-002,5.000000E-002,5.000000E-002,5.000000E-002,5.000000E-002,5.000000E-002,5.000000E-002,5.000000E-002,5.000000E-002,5.000000E-002,5.000000E-002,5.000000E-002,5.000000E-002,5.000000E-002,5.000000E-002,5.000000E-002,5.000000E-002,5.000000E-002,5.000000E-002,5.000000E-002,5.000000E-002,5.000000E-002,5.000000E-002,5.000000E-002,5.000000E-002,5.000000E-002,5.000000E-002,5.000000E-002,5.000000E-002,5.000000E-002,5.000000E-002,5.000000E-002,5.000000E-002,5.000000E-002,5.000000E-002,5.000000E-002,5.000000E-002,5.000000E-002,5.000000E-002,5.000000E-002,5.000000E-002,5.000000E-002,5.000000E-002,5.000000E-002,5.000000E-002,5.000000E-002,5.000000E-002,5.000000E-002,5.000000E-002,5.000000E-002,5.000000E-002,5.000000E-002,4.999999E-002,4.999999E-002,4.999998E-002,4.999998E-002,4.999998E-002
5.000000E-002,5.000000E-002,5.000000E-002,5.000000E-002,5.000000E-002,5.000000E-002,5.000000E-002,5.000000E-002,5.000000E-002,5.000000E-002,5.000000E-002,5.000000E-002,5.000000E-002,5.000000E-002,5.000000E-002,5.000000E-002,5.000000E-002,5.000000E-002,5.000000E-002,5.000000E-002,5.000000E-002,5.000000E-002,5.000000E-002,5.000000E-002,5.000000E-002,5.000000E-002,5.000000E-002,5.000000E-002,5.000000E-002,5.000000E-002,5.000000E-002,5.000000E-002,5.000000E-002,5.000000E-002,5.000000E-002,5.000000E-002,5.000000E-002,5.000000E-002,5.000000E-002,5.000000E-002,5.000000E-002,5.000000E-002,5.000000E-002,5.000000E-002,5.000000E-002,5.000000E-002,5.000000E-002,5.000000E-002,5.000000E-002,5.000000E-002,5.000000E-002,5.000000E-002,5.000000E-002,5.000000E-002,5.000000E-002,5.000000E-002,5.000000E-002,5.000000E-002,5.000000E-002,5.000000E-002,5.000000E-002,5.000000E-002,5.000000E-002,5.000000E-002,5.000000E-002,5.000000E-002,5.000000E-002,5.000000E-002,5.000000E-002,5.000000E-002,5.000000E-002,5.000000E-002,5.000000E-002,5.000000E-002,5.000000E-002,5.000000E-002,5.000000E-002,5.000000E-002,5.000000E-002,5.000000E-002,5.000000E-002,5.000000E-002,5.000000E-002,5.000000E-002,5.000000E-002,5.000000E-002,5.000000E-002,5.000000E-002,5.000000E-002,5.000000E-002,5.000000E-002,5.000000E-002,5.000000E-002,5.000000E-002,5.000000E-002,5.000000E-002,5.000000E-002,5.000000E-002,5.000000E-002,5.000000E-002,5.000000E-002,5.000000E-002,5.000000E-002,5.000000E-002,5.000000E-002,5.000000E-002,5.000000E-002,5.000000E-002,5.000000E-002,5.000000E-002,5.000000E-002,5.000000E-002,5.000000E-002,5.000000E-002,5.000000E-002,5.000000E-002,5.000000E-002,5.000000E-002,5.000000E-002,5.000000E-002,5.000000E-002,5.000000E-002,5.000000E-002,5.000000E-002,5.000000E-002,5.000000E-002,5.000000E-002,5.000000E-002
5.000000E-002,5.000000E-002,5.000000E-002,5.000000E-002,5.000000E-002,5.000000E-002,5.000000E-002,5.000000E-002,5.000000E-002,5.000000E-002,5.000000E-002,5.000000E-002,5.000000E-002,5.000000E-002,5.000000E-002,5.000000E-002,5.000000E-002,5.000000E-002,5.000000E-002,5.000000E-002,5.000000E-002,5.000000E-002,5.000000E-002,5.000000E-002,5.000000E-002,5.000000E-002,5.000000E-002,5.000000E-002,5.000000E-002,5.000000E-002,5.000000E-002,5.000000E-002,5.000000E-002,5.000000E-002,5.000000E-002,5.000000E-002,5.000000E-002,5.000000E-002,5.000000E-002,5.000000E-002,5.000000E-002,5.000000E-002,5.000000E-002,5.000000E-002,5.000000E-002,5.000000E-002,5.000000E-002,5.000000E-002,5.000000E-002,5.000000E-002,5.000000E-002,5.000000E-002,5.000000E-002,5.000000E-002,5.000000E-002,5.000000E-002,5.000000E-002,5.000000E-002,5.000000E-002,5.000000E-002,5.000000E-002,5.000000E-002,5.000000E-002,5.000000E-002,5.000000E-002,5.000000E-002,5.000000E-002,5.000000E-002,5.000000E-002,5.000000E-002,5.000000E-002,5.000000E-002,5.000000E-002,5.000000E-002,5.000000E-002,5.000000E-002,5.000000E-002,5.000000E-002,5.000000E-002,5.000000E-002,5.000000E-002,5.000000E-002,5.000000E-002,5.000000E-002,5.000000E-002,5.000000E-002,5.000000E-002,5.000000E-002,5.000000E-002,5.000000E-002,5.000000E-002,5.000000E-002,5.000000E-002,5.000000E-002,5.000000E-002,5.000000E-002,5.000000E-002,5.000000E-002,5.000000E-002,5.000000E-002,5.000000E-002,5.000000E-002,5.000000E-002,5.000000E-002,5.000000E-002,5.000000E-002,5.000000E-002,5.000000E-002,5.000000E-002,5.000000E-002,5.000000E-002,5.000000E-002,5.000000E-002,5.000000E-002,5.000000E-002,5.000000E-002,5.000000E-002,5.000000E-002,5.000000E-002,5.000000E-002,5.000000E-002,5.000000E-002,5.000000E-002,5.000000E-002,5.000000E-002,5.000000E-002,5.000000E-002,5.000000E-002
5.000000E-002,5.000000E-002,5.000000E-002,5.000000E-002,5.000000E-002,5.000000E-002,5.000000E-002,5.000000E-002,5.000000E-002,5.000000E-002,5.000000E-002,5.000000E-002,5.000000E-002,5.000000E-002,5.000000E-002,5.000000E-002,5.000000E-002,5.000000E-002,5.000000E-002,5.000000E-002,5.000000E-002,5.000000E-002,5.000000E-002,5.000000E-002,5.000000E-002,5.000000E-002,5.000000E-002,5.000000E-002,5.000000E-002,5.000000E-002,5.000000E-002,5.000000E-002,5.000000E-002,5.000000E-002,5.000000E-002,5.000000E-002,5.000000E-002,5.000000E-002,5.000000E-002,5.000000E-002,5.000000E-002,5.000000E-002,5.000000E-002,5.000000E-002,5.000000E-002,5.000000E-002,5.000000E-002,5.000000E-002,5.000000E-002,5.000000E-002,5.000000E-002,5.000000E-002,5.000000E-002,5.000000E-002,5.000000E-002,5.000000E-002,5.000000E-002,5.000000E-002,5.000000E-002,5.000000E-002,5.000000E-002,5.000000E-002,5.000000E-002,5.000000E-002,5.000000E-002,5.000000E-002,5.000000E-002,5.000000E-002,5.000000E-002,5.000000E-002,5.000000E-002,5.000000E-002,5.000000E-002,5.000000E-002,5.000000E-002,5.000000E-002,5.000000E-002,5.000000E-002,5.000000E-002,5.000000E-002,5.000000E-002,5.000000E-002,5.000000E-002,5.000000E-002,5.000000E-002,5.000000E-002,5.000000E-002,5.000000E-002,5.000000E-002,5.000000E-002,5.000000E-002,5.000000E-002,5.000000E-002,5.000000E-002,5.000000E-002,5.000000E-002,5.000000E-002,5.000000E-002,5.000000E-002,5.000000E-002,5.000000E-002,5.000000E-002,5.000000E-002,5.000000E-002,5.000000E-002,5.000000E-002,5.000000E-002,5.000000E-002,5.000000E-002,5.000000E-002,5.000000E-002,5.000000E-002,5.000000E-002,5.000000E-002,5.000000E-002,5.000000E-002,5.000000E-002,5.000000E-002,5.000000E-002,5.000000E-002,5.000000E-002,5.000000E-002,5.000000E-002,5.000000E-002,5.000000E-002,5.000000E-002,5.000000E-002,5.000000E-002
5.000000E-002,5.000000E-002,5.000000E-002,5.000000E-002,5.000000E-002,5.000000E-002,5.000000E-002,5.000000E-002,5.000000E-002,5.000000E-002,5.000000E-002,5.000000E-002,5.000000E-002,5.000000E-002,5.000000E-002,5.000000E-002,5.000000E-002,5.000000E-002,5.000000E-002,5.000000E-002,5.000000E-002,5.000000E-002,5.000000E-002,5.000000E-002,5.000000E-002,5.000000E-002,5.000000E-002,5.000000E-002,5.000000E-002,5.000000E-002,5.000000E-002,5.000000E-002,5.000000E-002,5.000000E-002,5.000000E-002,5.000000E-002,5.000000E-002,5.000000E-002,5.000000E-002,5.000000E-002,5.000000E-002,5.000000E-002,5.000000E-002,5.000000E-002,5.000000E-002,5.000000E-002,5.000000E-002,5.000000E-002,5.000000E-002,5.000000E-002,5.000000E-002,5.000000E-002,5.000000E-002,5.000000E-002,5.000000E-002,5.000000E-002,5.000000E-002,5.000000E-002,5.000000E-002,5.000000E-002,5.000000E-002,5.000000E-002,5.000000E-002,5.000000E-002,5.000000E-002,5.000000E-002,5.000000E-002,5.000000E-002,5.000000E-002,5.000000E-002,5.000000E-002,5.000000E-002,5.000000E-002,5.000000E-002,5.000000E-002,5.000000E-002,5.000000E-002,5.000000E-002,5.000000E-002,5.000000E-002,5.000000E-002,5.000000E-002,5.000000E-002,5.000000E-002,5.000000E-002,5.000000E-002,5.000000E-002,5.000000E-002,5.000000E-002,5.000000E-002,5.000000E-002,5.000000E-002,5.000000E-002,5.000000E-002,5.000000E-002,5.000000E-002,5.000000E-002,5.000000E-002,5.000000E-002,5.000000E-002,5.000000E-002,5.000000E-002,5.000000E-002,5.000000E-002,5.000000E-002,5.000000E-002,5.000000E-002,5.000000E-002,5.000000E-002,5.000000E-002,5.000000E-002,5.000000E-002,5.000000E-002,5.000000E-002,5.000000E-002,5.000000E-002,5.000000E-002,5.000000E-002,5.000000E-002,5.000000E-002,5.000000E-002,5.000000E-002,5.000000E-002,5.000000E-002,5.000000E-002,5.000000E-002,5.000000E-002,5.000000E-002
5.000000E-002,5.000000E-002,5.000000E-002,5.000000E-002,5.000000E-002,5.000000E-002,5.000000E-002,5.000000E-002,5.000000E-002,5.000000E-002,5.000000E-002,5.000000E-002,5.000000E-002,5.000000E-002,5.000000E-002,5.000000E-002,5.000000E-002,5.000000E-002,5.000000E-002,5.000000E-002,5.000000E-002,5.000000E-002,5.000000E-002,5.000000E-002,5.000000E-002,5.000000E-002,5.000000E-002,5.000000E-002,5.000000E-002,5.000000E-002,5.000000E-002,5.000000E-002,5.000000E-002,5.000000E-002,5.000000E-002,5.000000E-002,5.000000E-002,5.000000E-002,5.000000E-002,5.000000E-002,5.000000E-002,5.000000E-002,5.000000E-002,5.000000E-002,5.000000E-002,5.000000E-002,5.000000E-002,5.000000E-002,5.000000E-002,5.000000E-002,5.000000E-002,5.000000E-002,5.000000E-002,5.000000E-002,5.000000E-002,5.000000E-002,5.000000E-002,5.000000E-002,5.000000E-002,5.000000E-002,5.000000E-002,5.000000E-002,5.000000E-002,5.000000E-002,5.000000E-002,5.000000E-002,5.000000E-002,5.000000E-002,5.000000E-002,5.000000E-002,5.000000E-002,5.000000E-002,5.000000E-002,5.000000E-002,5.000000E-002,5.000000E-002,5.000000E-002,5.000000E-002,5.000000E-002,5.000000E-002,5.000000E-002,5.000000E-002,5.000000E-002,5.000000E-002,5.000000E-002,5.000000E-002,5.000000E-002,5.000000E-002,5.000000E-002,5.000000E-002,5.000000E-002,5.000000E-002,5.000000E-002,5.000000E-002,5.000000E-002,5.000000E-002,5.000000E-002,5.000000E-002,5.000000E-002,5.000000E-002,5.000000E-002,5.000000E-002,5.000000E-002,5.000000E-002,5.000000E-002,5.000000E-002,5.000000E-002,5.000000E-002,5.000000E-002,5.000000E-002,5.000000E-002,5.000000E-002,5.000000E-002,5.000000E-002,5.000000E-002,5.000000E-002,5.000000E-002,5.000000E-002,5.000000E-002,5.000000E-002,5.000000E-002,5.000000E-002,5.000000E-002,5.000000E-002,5.000000E-002,5.000000E-002,5.000000E-002,5.000000E-002
5.000000E-002,5.000000E-002,5.000000E-002,5.000000E-002,5.000000E-002,5.000000E-002,5.000000E-002,5.000000E-002,5.000000E-002,5.000000E-002,5.000000E-002,5.000000E-002,5.000000E-002,5.000000E-002,5.000000E-002,5.000000E-002,5.000000E-002,5.000000E-002,5.000000E-002,5.000000E-002,5.000000E-002,5.000000E-002,5.000000E-002,5.000000E-002,5.000000E-002,5.000000E-002,5.000000E-002,5.000000E-002,5.000000E-002,5.000000E-002,5.000000E-002,5.000000E-002,5.000000E-002,5.000000E-002,5.000000E-002,5.000000E-002,5.000000E-002,5.000000E-002,5.000000E-002,5.000000E-002,5.000000E-002,5.000000E-002,5.000000E-002,5.000000E-002,5.000000E-002,5.000000E-002,5.000000E-002,5.000000E-002,5.000000E-002,5.000000E-002,5.000000E-002,5.000000E-002,5.000000E-002,5.000000E-002,5.000000E-002,5.000000E-002,5.000000E-002,5.000000E-002,5.000000E-002,5.000000E-002,5.000000E-002,5.000000E-002,5.000000E-002,5.000000E-002,5.000000E-002,5.000000E-002,5.000000E-002,5.000000E-002,5.000000E-002,5.000000E-002,5.000000E-002,5.000000E-002,5.000000E-002,5.000000E-002,5.000000E-002,5.000000E-002,5.000000E-002,5.000000E-002,5.000000E-002,5.000000E-002,5.000000E-002,5.000000E-002,5.000000E-002,5.000000E-002,5.000000E-002,5.000000E-002,5.000000E-002,5.000000E-002,5.000000E-002,5.000000E-002,5.000000E-002,5.000000E-002,5.000000E-002,5.000000E-002,5.000000E-002,5.000000E-002,5.000000E-002,5.000000E-002,5.000000E-002,5.000000E-002,5.000000E-002,5.000000E-002,5.000000E-002,5.000000E-002,5.000000E-002,5.000000E-002,5.000000E-002,5.000000E-002,5.000000E-002,5.000000E-002,5.000000E-002,5.000000E-002,5.000000E-002,5.000000E-002,5.000000E-002,5.000000E-002,5.000000E-002,5.000000E-002,5.000000E-002,5.000000E-002,5.000000E-002,5.000000E-002,5.000000E-002,5.000000E-002,5.000000E-002,5.000000E-002,5.000000E-002,5.000000E-002
5.000000E-002,5.000000E-002,5.000000E-002,5.000000E-002,5.000000E-002,5.000000E-002,5.000000E-002,5.000000E-002,5.000000E-002,5.000000E-002,5.000000E-002,5.000000E-002,5.000000E-002,5.000000E-002,5.000000E-002,5.000000E-002,5.000000E-002,5.000000E-002,5.000000E-002,5.000000E-002,5.000000E-002,5.000000E-002,5.000000E-002,5.000000E-002,5.000000E-002,5.000000E-002,5.000000E-002,5.000000E-002,5.000000E-002,5.000000E-002,5.000000E-002,5.000000E-002,5.000000E-002,5.000000E-002,5.000000E-002,5.000000E-002,5.000000E-002,5.000000E-002,5.000000E-002,5.000000E-002,5.000000E-002,5.000000E-002,5.000000E-002,5.000000E-002,5.000000E-002,5.000000E-002,5.000000E-002,5.000000E-002,5.000000E-002,5.000000E-002,5.000000E-002,5.000000E-002,5.000000E-002,5.000000E-002,5.000000E-002,5.000000E-002,5.000000E-002,5.000000E-002,5.000000E-002,5.000000E-002,5.000000E-002,5.000000E-002,5.000000E-002,5.000000E-002,5.000000E-002,5.000000E-002,5.000000E-002,5.000000E-002,5.000000E-002,5.000000E-002,5.000000E-002,5.000000E-002,5.000000E-002,5.000000E-002,5.000000E-002,5.000000E-002,5.000000E-002,5.000000E-002,5.000000E-002,5.000000E-002,5.000000E-002,5.000000E-002,5.000000E-002,5.000000E-002,5.000000E-002,5.000000E-002,5.000000E-002,5.000000E-002,5.000000E-002,5.000000E-002,5.000000E-002,5.000000E-002,5.000000E-002,5.000000E-002,5.000000E-002,5.000000E-002,5.000000E-002,5.000000E-002,5.000000E-002,5.000000E-002,5.000000E-002,5.000000E-002,5.000000E-002,5.000000E-002,5.000000E-002,5.000000E-002,5.000000E-002,5.000000E-002,5.000000E-002,5.000000E-002,5.000000E-002,5.000000E-002,5.000000E-002,5.000000E-002,5.000000E-002,5.000000E-002,5.000000E-002,5.000000E-002,5.000000E-002,5.000000E-002,5.000000E-002,5.000000E-002,5.000000E-002,5.000000E-002,5.000000E-002,5.000000E-002,5.000000E-002,5.000000E-002
5.000000E-002,5.000000E-002,5.000000E-002,5.000000E-002,5.000000E-002,5.000000E-002,5.000000E-002,5.000000E-002,5.000000E-002,5.000000E-002,5.000000E-002,5.000000E-002,5.000000E-002,5.000000E-002,5.000000E-002,5.000000E-002,5.000000E-002,5.000000E-002,5.000000E-002,5.000000E-002,5.000000E-002,5.000000E-002,5.000000E-002,5.000000E-002,5.000000E-002,5.000000E-002,5.000000E-002,5.000000E-002,5.000000E-002,5.000000E-002,5.000000E-002,5.000000E-002,5.000000E-002,5.000000E-002,5.000000E-002,5.000000E-002,5.000000E-002,5.000000E-002,5.000000E-002,5.000000E-002,5.000000E-002,5.000000E-002,5.000000E-002,5.000000E-002,5.000000E-002,5.000000E-002,5.000000E-002,5.000000E-002,5.000000E-002,5.000000E-002,5.000000E-002,5.000000E-002,5.000000E-002,5.000000E-002,5.000000E-002,5.000000E-002,5.000000E-002,5.000000E-002,5.000000E-002,5.000000E-002,5.000000E-002,5.000000E-002,5.000000E-002,5.000000E-002,5.000000E-002,5.000000E-002,5.000000E-002,5.000000E-002,5.000000E-002,5.000000E-002,5.000000E-002,5.000000E-002,5.000000E-002,5.000000E-002,5.000000E-002,5.000000E-002,5.000000E-002,5.000000E-002,5.000000E-002,5.000000E-002,5.000000E-002,5.000000E-002,5.000000E-002,5.000000E-002,5.000000E-002,5.000000E-002,5.000000E-002,5.000000E-002,5.000000E-002,5.000000E-002,5.000000E-002,5.000000E-002,5.000000E-002,5.000000E-002,5.000000E-002,5.000000E-002,5.000000E-002,5.000000E-002,5.000000E-002,5.000000E-002,5.000000E-002,5.000000E-002,5.000000E-002,5.000000E-002,5.000000E-002,5.000000E-002,5.000000E-002,5.000000E-002,5.000000E-002,5.000000E-002,5.000000E-002,5.000000E-002,5.000000E-002,5.000000E-002,5.000000E-002,5.000000E-002,5.000000E-002,5.000000E-002,5.000000E-002,5.000000E-002,5.000000E-002,5.000000E-002,5.000000E-002,5.000000E-002,5.000000E-002,5.000000E-002,5.000000E-002,5.000000E-002
5.000000E-002,5.000000E-002,5.000000E-002,5.000000E-002,5.000000E-002,5.000000E-002,5.000000E-002,5.000000E-002,5.000000E-002,5.000000E-002,5.000000E-002,5.000000E-002,5.000000E-002,5.000000E-002,5.000000E-002,5.000000E-002,5.000000E-002,5.000000E-002,5.000000E-002,5.000000E-002,5.000000E-002,5.000000E-002,5.000000E-002,5.000000E-002,5.000000E-002,5.000000E-002,5.000000E-002,5.000000E-002,5.000000E-002,5.000000E-002,5.000000E-002,5.000000E-002,5.000000E-002,5.000000E-002,5.000000E-002,5.000000E-002,5.000000E-002,5.000000E-002,5.000000E-002,5.000000E-002,5.000000E-002,5.000000E-002,5.000000E-002,5.000000E-002,5.000000E-002,5.000000E-002,5.000000E-002,5.000000E-002,5.000000E-002,5.000000E-002,5.000000E-002,5.000000E-002,5.000000E-002,5.000000E-002,5.000000E-002,5.000000E-002,5.000000E-002,5.000000E-002,5.000000E-002,5.000000E-002,5.000000E-002,5.000000E-002,5.000000E-002,5.000000E-002,5.000000E-002,5.000000E-002,5.000000E-002,5.000000E-002,5.000000E-002,5.000000E-002,5.000000E-002,5.000000E-002,5.000000E-002,5.000000E-002,5.000000E-002,5.000000E-002,5.000000E-002,5.000000E-002,5.000000E-002,5.000000E-002,5.000000E-002,5.000000E-002,5.000000E-002,5.000000E-002,5.000000E-002,5.000000E-002,5.000000E-002,5.000000E-002,5.000000E-002,5.000000E-002,5.000000E-002,5.000000E-002,5.000000E-002,5.000000E-002,5.000000E-002,5.000000E-002,5.000000E-002,5.000000E-002,5.000000E-002,5.000000E-002,5.000000E-002,5.000000E-002,5.000000E-002,5.000000E-002,5.000000E-002,5.000000E-002,5.000000E-002,5.000000E-002,5.000000E-002,5.000000E-002,5.000000E-002,5.000000E-002,5.000000E-002,5.000000E-002,5.000000E-002,5.000000E-002,5.000000E-002,5.000000E-002,5.000000E-002,5.000000E-002,5.000000E-002,5.000000E-002,5.000000E-002,5.000000E-002,5.000000E-002,5.000000E-002,5.000000E-002,5.000000E-002
5.000000E-002,5.000000E-002,5.000000E-002,5.000000E-002,5.000000E-002,5.000000E-002,5.000000E-002,5.000000E-002,5.000000E-002,5.000000E-002,5.000000E-002,5.000000E-002,5.000000E-002,5.000000E-002,5.000000E-002,5.000000E-002,5.000000E-002,5.000000E-002,5.000000E-002,5.000000E-002,5.000000E-002,5.000000E-002,5.000000E-002,5.000000E-002,5.000000E-002,5.000000E-002,5.000000E-002,5.000000E-002,5.000000E-002,5.000000E-002,5.000000E-002,5.000000E-002,5.000000E-002,5.000000E-002,5.000000E-002,5.000000E-002,5.000000E-002,5.000000E-002,5.000000E-002,5.000000E-002,5.000000E-002,5.000000E-002,5.000000E-002,5.000000E-002,5.000000E-002,5.000000E-002,5.000000E-002,5.000000E-002,5.000000E-002,5.000000E-002,5.000000E-002,5.000000E-002,5.000000E-002,5.000000E-002,5.000000E-002,5.000000E-002,5.000000E-002,5.000000E-002,5.000000E-002,5.000000E-002,5.000000E-002,5.000000E-002,5.000000E-002,5.000000E-002,5.000000E-002,5.000000E-002,5.000000E-002,5.000000E-002,5.000000E-002,5.000000E-002,5.000000E-002,5.000000E-002,5.000000E-002,5.000000E-002,5.000000E-002,5.000000E-002,5.000000E-002,5.000000E-002,5.000000E-002,5.000000E-002,5.000000E-002,5.000000E-002,5.000000E-002,5.000000E-002,5.000000E-002,5.000000E-002,5.000000E-002,5.000000E-002,5.000000E-002,5.000000E-002,5.000000E-002,5.000000E-002,5.000000E-002,5.000000E-002,5.000000E-002,5.000000E-002,5.000000E-002,5.000000E-002,5.000000E-002,5.000000E-002,5.000000E-002,5.000000E-002,5.000000E-002,5.000000E-002,5.000000E-002,5.000000E-002,5.000000E-002,5.000000E-002,5.000000E-002,5.000000E-002,5.000000E-002,5.000000E-002,5.000000E-002,5.000000E-002,5.000000E-002,5.000000E-002,5.000000E-002,5.000000E-002,5.000000E-002,5.000000E-002,5.000000E-002,5.000000E-002,5.000000E-002,5.000000E-002,5.000000E-002,5.000000E-002,5.000000E-002,5.000000E-002
5.000000E-002,5.000000E-002,5.000000E-002,5.000000E-002,5.000000E-002,5.000000E-002,5.000000E-002,5.000000E-002,5.000000E-002,5.000000E-002,5.000000E-002,5.000000E-002,5.000000E-002,5.000000E-002,5.000000E-002,5.000000E-002,5.000000E-002,5.000000E-002,5.000000E-002,5.000000E-002,5.000000E-002,5.000000E-002,5.000000E-002,5.000000E-002,5.000000E-002,5.000000E-002,5.000000E-002,5.000000E-002,5.000000E-002,5.000000E-002,5.000000E-002,5.000000E-002,5.000000E-002,5.000000E-002,5.000000E-002,5.000000E-002,5.000000E-002,5.000000E-002,5.000000E-002,5.000000E-002,5.000000E-002,5.000000E-002,5.000000E-002,5.000000E-002,5.000000E-002,5.000000E-002,5.000000E-002,5.000000E-002,5.000000E-002,5.000000E-002,5.000000E-002,5.000000E-002,5.000000E-002,5.000000E-002,5.000000E-002,5.000000E-002,5.000000E-002,5.000000E-002,5.000000E-002,5.000000E-002,5.000000E-002,5.000000E-002,5.000000E-002,5.000000E-002,5.000000E-002,5.000000E-002,5.000000E-002,5.000000E-002,5.000000E-002,5.000000E-002,5.000000E-002,5.000000E-002,5.000000E-002,5.000000E-002,5.000000E-002,5.000000E-002,5.000000E-002,5.000000E-002,5.000000E-002,5.000000E-002,5.000000E-002,5.000000E-002,5.000000E-002,5.000000E-002,5.000000E-002,5.000000E-002,5.000000E-002,5.000000E-002,5.000000E-002,5.000000E-002,5.000000E-002,5.000000E-002,5.000000E-002,5.000000E-002,5.000000E-002,5.000000E-002,5.000000E-002,5.000000E-002,5.000000E-002,5.000000E-002,5.000000E-002,5.000000E-002,5.000000E-002,5.000000E-002,5.000000E-002,5.000000E-002,5.000000E-002,5.000000E-002,5.000000E-002,5.000000E-002,5.000000E-002,5.000000E-002,5.000000E-002,5.000000E-002,5.000000E-002,5.000000E-002,5.000000E-002,5.000000E-002,5.000000E-002,5.000000E-002,5.000000E-002,5.000000E-002,5.000000E-002,5.000000E-002,5.000000E-002,5.000000E-002,5.000000E-002,5.000000E-002
5.000000E-002,5.000000E-002,5.000000E-002,5.000000E-002,5.000000E-002,5.000000E-002,5.000000E-002,5.000000E-002,5.000000E-002,5.000000E-002,5.000000E-002,5.000000E-002,5.000000E-002,5.000000E-002,5.000000E-002,5.000000E-002,5.000000E-002,5.000000E-002,5.000000E-002,5.000000E-002,5.000000E-002,5.000000E-002,5.000000E-002,5.000000E-002,5.000000E-002,5.000000E-002,5.000000E-002,5.000000E-002,5.000000E-002,5.000000E-002,5.000000E-002,5.000000E-002,5.000000E-002,5.000000E-002,5.000000E-002,5.000000E-002,5.000000E-002,5.000000E-002,5.000000E-002,5.000000E-002,5.000000E-002,5.000000E-002,5.000000E-002,5.000000E-002,5.000000E-002,5.000000E-002,5.000000E-002,5.000000E-002,5.000000E-002,5.000000E-002,5.000000E-002,5.000000E-002,5.000000E-002,5.000000E-002,5.000000E-002,5.000000E-002,5.000000E-002,5.000000E-002,5.000000E-002,5.000000E-002,5.000000E-002,5.000000E-002,5.000000E-002,5.000000E-002,5.000000E-002,5.000000E-002,5.000000E-002,5.000000E-002,5.000000E-002,5.000000E-002,5.000000E-002,5.000000E-002,5.000000E-002,5.000000E-002,5.000000E-002,5.000000E-002,5.000000E-002,5.000000E-002,5.000000E-002,5.000000E-002,5.000000E-002,5.000000E-002,5.000000E-002,5.000000E-002,5.000000E-002,5.000000E-002,5.000000E-002,5.000000E-002,5.000000E-002,5.000000E-002,5.000000E-002,5.000000E-002,5.000000E-002,5.000000E-002,5.000000E-002,5.000000E-002,5.000000E-002,5.000000E-002,5.000000E-002,5.000000E-002,5.000000E-002,5.000000E-002,5.000000E-002,5.000000E-002,5.000000E-002,5.000000E-002,5.000000E-002,5.000000E-002,5.000000E-002,5.000000E-002,5.000000E-002,5.000000E-002,5.000000E-002,5.000000E-002,5.000000E-002,5.000000E-002,5.000000E-002,5.000000E-002,5.000000E-002,5.000000E-002,5.000000E-002,5.000000E-002,5.000000E-002,5.000000E-002,5.000000E-002,5.000000E-002,5.000000E-002,5.000000E-002
5.000000E-002,5.000000E-002,5.000000E-002,5.000000E-002,5.000000E-002,5.000000E-002,5.000000E-002,5.000000E-002,5.000000E-002,5.000000E-002,5.000000E-002,5.000000E-002,5.000000E-002,5.000000E-002,5.000000E-002,5.000000E-002,5.000000E-002,5.000000E-002,5.000000E-002,5.000000E-002,5.000000E-002,5.000000E-002,5.000000E-002,5.000000E-002,5.000000E-002,5.000000E-002,5.000000E-002,5.000000E-002,5.000000E-002,5.000000E-002,5.000000E-002,5.000000E-002,5.000000E-002,5.000000E-002,5.000000E-002,5.000000E-002,5.000000E-002,5.000000E-002,5.000000E-002,5.000000E-002,5.000000E-002,5.000000E-002,5.000000E-002,5.000000E-002,5.000000E-002,5.000000E-002,5.000000E-002,5.000000E-002,5.000000E-002,5.000000E-002,5.000000E-002,5.000000E-002,5.000000E-002,5.000000E-002,5.000000E-002,5.000000E-002,5.000000E-002,5.000000E-002,5.000000E-002,5.000000E-002,5.000000E-002,5.000000E-002,5.000000E-002,5.000000E-002,5.000000E-002,5.000000E-002,5.000000E-002,5.000000E-002,5.000000E-002,5.000000E-002,5.000000E-002,5.000000E-002,5.000000E-002,5.000000E-002,5.000000E-002,5.000000E-002,5.000000E-002,5.000000E-002,5.000000E-002,5.000000E-002,5.000000E-002,5.000000E-002,5.000000E-002,5.000000E-002,5.000000E-002,5.000000E-002,5.000000E-002,5.000000E-002,5.000000E-002,5.000000E-002,5.000000E-002,5.000000E-002,5.000000E-002,5.000000E-002,5.000000E-002,5.000000E-002,5.000000E-002,5.000000E-002,5.000000E-002,5.000000E-002,5.000000E-002,5.000000E-002,5.000000E-002,5.000000E-002,5.000000E-002,5.000000E-002,5.000000E-002,5.000000E-002,5.000000E-002,5.000000E-002,5.000000E-002,5.000000E-002,5.000000E-002,5.000000E-002,5.000000E-002,5.000000E-002,5.000000E-002,5.000000E-002,5.000000E-002,5.000000E-002,5.000000E-002,5.000000E-002,5.000000E-002,5.000000E-002,5.000000E-002,5.000000E-002,5.000000E-002,5.000000E-002
5.000000E-002,5.000000E-002,5.000000E-002,5.000000E-002,5.000000E-002,5.000000E-002,5.000000E-002,5.000000E-002,5.000000E-002,5.000000E-002,5.000000E-002,5.000000E-002,5.000000E-002,5.000000E-002,5.000000E-002,5.000000E-002,5.000000E-002,5.000000E-002,5.000000E-002,5.000000E-002,5.000000E-002,5.000000E-002,5.000000E-002,5.000000E-002,5.000000E-002,5.000000E-002,5.000000E-002,5.000000E-002,5.000000E-002,5.000000E-002,5.000000E-002,5.000000E-002,5.000000E-002,5.000000E-002,5.000000E-002,5.000000E-002,5.000000E-002,5.000000E-002,5.000000E-002,5.000000E-002,5.000000E-002,5.000000E-002,5.000000E-002,5.000000E-002,5.000000E-002,5.000000E-002,5.000000E-002,5.000000E-002,5.000000E-002,5.000000E-002,5.000000E-002,5.000000E-002,5.000000E-002,5.000000E-002,5.000000E-002,5.000000E-002,5.000000E-002,5.000000E-002,5.000000E-002,5.000000E-002,5.000000E-002,5.000000E-002,5.000000E-002,5.000000E-002,5.000000E-002,5.000000E-002,5.000000E-002,5.000000E-002,5.000000E-002,5.000000E-002,5.000000E-002,5.000000E-002,5.000000E-002,5.000000E-002,5.000000E-002,5.000000E-002,5.000000E-002,5.000000E-002,5.000000E-002,5.000000E-002,5.000000E-002,5.000000E-002,5.000000E-002,5.000000E-002,5.000000E-002,5.000000E-002,5.000000E-002,5.000000E-002,5.000000E-002,5.000000E-002,5.000000E-002,5.000000E-002,5.000000E-002,5.000000E-002,5.000000E-002,5.000000E-002,5.000000E-002,5.000000E-002,5.000000E-002,5.000000E-002,5.000000E-002,5.000000E-002,5.000000E-002,5.000000E-002,5.000000E-002,5.000000E-002,5.000000E-002,5.000000E-002,5.000000E-002,5.000000E-002,5.000000E-002,5.000000E-002,5.000000E-002,5.000000E-002,5.000000E-002,5.000000E-002,5.000000E-002,5.000000E-002,5.000000E-002,5.000000E-002,5.000000E-002,5.000000E-002,5.000000E-002,5.000000E-002,5.000000E-002,5.000000E-002,5.000000E-002,5.000000E-002
5.000000E-002,5.000000E-002,5.000000E-002,5.000000E-002,5.000000E-002,5.000000E-002,5.000000E-002,5.000000E-002,5.000000E-002,5.000000E-002,5.000000E-002,5.000000E-002,5.000000E-002,5.000000E-002,5.000000E-002,5.000000E-002,5.000000E-002,5.000000E-002,5.000000E-002,5.000000E-002,5.000000E-002,5.000000E-002,5.000000E-002,5.000000E-002,5.000000E-002,5.000000E-002,5.000000E-002,5.000000E-002,5.000000E-002,5.000000E-002,5.000000E-002,5.000000E-002,5.000000E-002,5.000000E-002,5.000000E-002,5.000000E-002,5.000000E-002,5.000000E-002,5.000000E-002,5.000000E-002,5.000000E-002,5.000000E-002,5.000000E-002,5.000000E-002,5.000000E-002,5.000000E-002,5.000000E-002,5.000000E-002,5.000000E-002,5.000000E-002,5.000000E-002,5.000000E-002,5.000000E-002,5.000000E-002,5.000000E-002,5.000000E-002,5.000000E-002,5.000000E-002,5.000000E-002,5.000000E-002,5.000000E-002,5.000000E-002,5.000000E-002,5.000000E-002,5.000000E-002,5.000000E-002,5.000000E-002,5.000000E-002,5.000000E-002,5.000000E-002,5.000000E-002,5.000000E-002,5.000000E-002,5.000000E-002,5.000000E-002,5.000000E-002,5.000000E-002,5.000000E-002,5.000000E-002,5.000000E-002,5.000000E-002,5.000000E-002,5.000000E-002,5.000000E-002,5.000000E-002,5.000000E-002,5.000000E-002,5.000000E-002,5.000000E-002,5.000000E-002,5.000000E-002,5.000000E-002,5.000000E-002,5.000000E-002,5.000000E-002,5.000000E-002,5.000000E-002,5.000000E-002,5.000000E-002,5.000000E-002,5.000000E-002,5.000000E-002,5.000000E-002,5.000000E-002,5.000000E-002,5.000000E-002,5.000000E-002,5.000000E-002,5.000000E-002,5.000000E-002,5.000000E-002,5.000000E-002,5.000000E-002,5.000000E-002,5.000000E-002,5.000000E-002,5.000000E-002,5.000000E-002,5.000000E-002,5.000000E-002,5.000000E-002,5.000000E-002,5.000000E-002,5.000000E-002,5.000000E-002,5.000000E-002,5.000000E-002,5.000000E-002
5.000000E-002,5.000000E-002,5.000000E-002,5.000000E-002,5.000000E-002,5.000000E-002,5.000000E-002,5.000000E-002,5.000000E-002,5.000000E-002,5.000000E-002,5.000000E-002,5.000000E-002,5.000000E-002,5.000000E-002,5.000000E-002,5.000000E-002,5.000000E-002,5.000000E-002,5.000000E-002,5.000000E-002,5.000000E-002,5.000000E-002,5.000000E-002,5.000000E-002,5.000000E-002,5.000000E-002,5.000000E-002,5.000000E-002,5.000000E-002,5.000000E-002,5.000000E-002,5.000000E-002,5.000000E-002,5.000000E-002,5.000000E-002,5.000000E-002,5.000000E-002,5.000000E-002,5.000000E-002,5.000000E-002,5.000000E-002,5.000000E-002,5.000000E-002,5.000000E-002,5.000000E-002,5.000000E-002,5.000000E-002,5.000000E-002,5.000000E-002,5.000000E-002,5.000000E-002,5.000000E-002,5.000000E-002,5.000000E-002,5.000000E-002,5.000000E-002,5.000000E-002,5.000000E-002,5.000000E-002,5.000000E-002,5.000000E-002,5.000000E-002,5.000000E-002,5.000000E-002,5.000000E-002,5.000000E-002,5.000000E-002,5.000000E-002,5.000000E-002,5.000000E-002,5.000000E-002,5.000000E-002,5.000000E-002,5.000000E-002,5.000000E-002,5.000000E-002,5.000000E-002,5.000000E-002,5.000000E-002,5.000000E-002,5.000000E-002,5.000000E-002,5.000000E-002,5.000000E-002,5.000000E-002,5.000000E-002,5.000000E-002,5.000000E-002,5.000000E-002,5.000000E-002,5.000000E-002,5.000000E-002,5.000000E-002,5.000000E-002,5.000000E-002,5.000000E-002,5.000000E-002,5.000000E-002,5.000000E-002,5.000000E-002,5.000000E-002,5.000000E-002,5.000000E-002,5.000000E-002,5.000000E-002,5.000000E-002,5.000000E-002,5.000000E-002,5.000000E-002,5.000000E-002,5.000000E-002,5.000000E-002,5.000000E-002,5.000000E-002,5.000000E-002,5.000000E-002,5.000000E-002,5.000000E-002,5.000000E-002,5.000000E-002,5.000000E-002,5.000000E-002,5.000000E-002,5.000000E-002,5.000000E-002,5.000000E-002,5.000000E-002
5.000000E-002,5.000000E-002,5.000000E-002,5.000000E-002,5.000000E-002,5.000000E-002,5.000000E-002,5.000000E-002,5.000000E-002,5.000000E-002,5.000000E-002,5.000000E-002,5.000000E-002,5.000000E-002,5.000000E-002,5.000000E-002,5.000000E-002,5.000000E-002,5.000000E-002,5.000000E-002,5.000000E-002,5.000000E-002,5.000000E-002,5.000000E-002,5.000000E-002,5.000000E-002,5.000000E-002,5.000000E-002,5.000000E-002,5.000000E-002,5.000000E-002,5.000000E-002,5.000000E-002,5.000000E-002,5.000000E-002,5.000000E-002,5.000000E-002,5.000000E-002,5.000000E-002,5.000000E-002,5.000000E-002,5.000000E-002,5.000000E-002,5.000000E-002,5.000000E-002,5.000000E-002,5.000000E-002,5.000000E-002,5.000000E-002,5.000000E-002,5.000000E-002,5.000000E-002,5.000000E-002,5.000000E-002,5.000000E-002,5.000000E-002,5.000000E-002,5.000000E-002,5.000000E-002,5.000000E-002,5.000000E-002,5.000000E-002,5.000000E-002,5.000000E-002,5.000000E-002,5.000000E-002,5.000000E-002,5.000000E-002,5.000000E-002,5.000000E-002,5.000000E-002,5.000000E-002,5.000000E-002,5.000000E-002,5.000000E-002,5.000000E-002,5.000000E-002,5.000000E-002,5.000000E-002,5.000000E-002,5.000000E-002,5.000000E-002,5.000000E-002,5.000000E-002,5.000000E-002,5.000000E-002,5.000000E-002,5.000000E-002,5.000000E-002,5.000000E-002,5.000000E-002,5.000000E-002,5.000000E-002,5.000000E-002,5.000000E-002,5.000000E-002,5.000000E-002,5.000000E-002,5.000000E-002,5.000000E-002,5.000000E-002,5.000000E-002,5.000000E-002,5.000000E-002,5.000000E-002,5.000000E-002,5.000000E-002,5.000000E-002,5.000000E-002,5.000000E-002,5.000000E-002,5.000000E-002,5.000000E-002,5.000000E-002,5.000000E-002,5.000000E-002,5.000000E-002,5.000000E-002,5.000000E-002,5.000000E-002,5.000000E-002,5.000000E-002,5.000000E-002,5.000000E-002,5.000000E-002,5.000000E-002,5.000000E-002,5.000000E-002
5.000000E-002,5.000000E-002,5.000000E-002,5.000000E-002,5.000000E-002,5.000000E-002,5.000000E-002,5.000000E-002,5.000000E-002,5.000000E-002,5.000000E-002,5.000000E-002,5.000000E-002,5.000000E-002,5.000000E-002,5.000000E-002,5.000000E-002,5.000000E-002,5.000000E-002,5.000000E-002,5.000000E-002,5.000000E-002,5.000000E-002,5.000000E-002,5.000000E-002,5.000000E-002,5.000000E-002,5.000000E-002,5.000000E-002,5.000000E-002,5.000000E-002,5.000000E-002,5.000000E-002,5.000000E-002,5.000000E-002,5.000000E-002,5.000000E-002,5.000000E-002,5.000000E-002,5.000000E-002,5.000000E-002,5.000000E-002,5.000000E-002,5.000000E-002,5.000000E-002,5.000000E-002,5.000000E-002,5.000000E-002,5.000000E-002,5.000000E-002,5.000000E-002,5.000000E-002,5.000000E-002,5.000000E-002,5.000000E-002,5.000000E-002,5.000000E-002,5.000000E-002,5.000000E-002,5.000000E-002,5.000000E-002,5.000000E-002,5.000000E-002,5.000000E-002,5.000000E-002,5.000000E-002,5.000000E-002,5.000000E-002,5.000000E-002,5.000000E-002,5.000000E-002,5.000000E-002,5.000000E-002,5.000000E-002,5.000000E-002,5.000000E-002,5.000000E-002,5.000000E-002,5.000000E-002,5.000000E-002,5.000000E-002,5.000000E-002,5.000000E-002,5.000000E-002,5.000000E-002,5.000000E-002,5.000000E-002,5.000000E-002,5.000000E-002,5.000000E-002,5.000000E-002,5.000000E-002,5.000000E-002,5.000000E-002,5.000000E-002,5.000000E-002,5.000000E-002,5.000000E-002,5.000000E-002,5.000000E-002,5.000000E-002,5.000000E-002,5.000000E-002,5.000000E-002,5.000000E-002,5.000000E-002,5.000000E-002,5.000000E-002,5.000000E-002,5.000000E-002,5.000000E-002,5.000000E-002,5.000000E-002,5.000000E-002,5.000000E-002,5.000000E-002,5.000000E-002,5.000000E-002,5.000000E-002,5.000000E-002,5.000000E-002,5.000000E-002,5.000000E-002,5.000000E-002,5.000000E-002,5.000000E-002,5.000000E-002,5.000000E-002
5.000000E-002,5.000000E-002,5.000000E-002,5.000000E-002,5.000000E-002,5.000000E-002,5.000000E-002,5.000000E-002,5.000000E-002,5.000000E-002,5.000000E-002,5.000000E-002,5.000000E-002,5.000000E-002,5.000000E-002,5.000000E-002,5.000000E-002,5.000000E-002,5.000000E-002,5.000000E-002,5.000000E-002,5.000000E-002,5.000000E-002,5.000000E-002,5.000000E-002,5.000000E-002,5.000000E-002,5.000000E-002,5.000000E-002,5.000000E-002,5.000000E-002,5.000000E-002,5.000000E-002,5.000000E-002,5.000000E-002,5.000000E-002,5.000000E-002,5.000000E-002,5.000000E-002,5.000000E-002,5.000000E-002,5.000000E-002,5.000000E-002,5.000000E-002,5.000000E-002,5.000000E-002,5.000000E-002,5.000000E-002,5.000000E-002,5.000000E-002,5.000000E-002,5.000000E-002,5.000000E-002,5.000000E-002,5.000000E-002,5.000000E-002,5.000000E-002,5.000000E-002,5.000000E-002,5.000000E-002,5.000000E-002,5.000000E-002,5.000000E-002,5.000000E-002,5.000000E-002,5.000000E-002,5.000000E-002,5.000000E-002,5.000000E-002,5.000000E-002,5.000000E-002,5.000000E-002,5.000000E-002,5.000000E-002,5.000000E-002,5.000000E-002,5.000000E-002,5.000000E-002,5.000000E-002,5.000000E-002,5.000000E-002,5.000000E-002,5.000000E-002,5.000000E-002,5.000000E-002,5.000000E-002,5.000000E-002,5.000000E-002,5.000000E-002,5.000000E-002,5.000000E-002,5.000000E-002,5.000000E-002,5.000000E-002,5.000000E-002,5.000000E-002,5.000000E-002,5.000000E-002,5.000000E-002,5.000000E-002,5.000000E-002,5.000000E-002,5.000000E-002,5.000000E-002,5.000000E-002,5.000000E-002,5.000000E-002,5.000000E-002,5.000000E-002,5.000000E-002,5.000000E-002,5.000000E-002,5.000000E-002,5.000000E-002,5.000000E-002,5.000000E-002,5.000000E-002,5.000000E-002,5.000000E-002,5.000000E-002,5.000000E-002,5.000000E-002,5.000000E-002,5.000000E-002,5.000000E-002,5.000000E-002,5.000000E-002,5.000000E-002
4.999998E-002,4.999998E-002,4.999998E-002,4.999999E-002,4.999999E-002,5.000000E-002,5.000000E-002,5.000000E-002,5.000000E-002,5.000000E-002,5.000000E-002,5.000000E-002,5.000000E-002,5.000000E-002,5.000000E-002,5.000000E-002,5.000000E-002,5.000000E-002,5.000000E-002,5.000000E-002,5.000000E-002,5.000000E-002,5.000000E-002,5.000000E-002,5.000000E-002,5.000000E-002,5.000000E-002,5.000000E-002,5.000000E-002,5.000000E-002,5.000000E-002,5.000000E-002,5.000000E-002,5.000000E-002,5.000000E-002,5.000000E-002,5.000000E-002,5.000000E-002,5.000000E-002,5.000000E-002,5.000000E-002,5.000000E-002,5.000000E-002,5.000000E-002,5.000000E-002,5.000000E-002,5.000000E-002,5.000000E-002,5.000000E-002,5.000000E-002,5.000000E-002,5.000000E-002,5.000000E-002,5.000000E-002,5.000000E-002,5.000000E-002,5.000000E-002,5.000000E-002,5.000000E-002,5.000000E-002,5.000000E-002,5.000000E-002,5.000000E-002,5.000000E-002,5.000000E-002,5.000000E-002,5.000000E-002,5.000000E-002,5.000000E-002,5.000000E-002,5.000000E-002,5.000000E-002,5.000000E-002,5.000000E-002,5.000000E-002,5.000000E-002,5.000000E-002,5.000000E-002,5.000000E-002,5.000000E-002,5.000000E-002,5.000000E-002,5.000000E-002,5.000000E-002,5.000000E-002,5.000000E-002,5.000000E-002,5.000000E-002,5.000000E-002,5.000000E-002,5.000000E-002,5.000000E-002,5.000000E-002,5.000000E-002,5.000000E-002,5.000000E-002,5.000000E-002,5.000000E-002,5.000000E-002,5.000000E-002,5.000000E-002,5.000000E-002,5.000000E-002,5.000000E-002,5.000000E-002,5.000000E-002,5.000000E-002,5.000000E-002,5.000000E-002,5.000000E-002,5.000000E-002,5.000000E-002,5.000000E-002,5.000000E-002,5.000000E-002,5.000000E-002,5.000000E-002,5.000000E-002,5.000000E-002,5.000000E-002,5.000000E-002,5.000000E-002,5.000000E-002,5.000000E-002,5.000000E-002,5.000000E-002,5.000000E-002,5.000000E-002
4.999989E-002,4.999990E-002,4.999991E-002,4.999993E-002,4.999996E-002,4.999997E-002,4.999999E-002,4.999999E-002,5.000000E-002,5.000000E-002,5.000000E-002,5.000000E-002,5.000000E-002,5.000000E-002,5.000000E-002,5.000000E-002,5.000000E-002,5.000000E-002,5.000000E-002,5.000000E-002,5.000000E-002,5.000000E-002,5.000000E-002,5.000000E-002,5.000000E-002,5.000000E-002,5.000000E-002,5.000000E-002,5.000000E-002,5.000000E-002,5.000000E-002,5.000000E-002,5.000000E-002,5.000000E-002,5.000000E-002,5.000000E-002,5.000000E-002,5.000000E-002,5.000000E-002,5.000000E-002,5.000000E-002,5.000000E-002,5.000000E-002,5.000000E-002,5.000000E-002,5.000000E-002,5.000000E-002,5.000000E-002,5.000000E-002,5.000000E-002,5.000000E-002,5.000000E-002,5.000000E-002,5.000000E-002,5.000000E-002,5.000000E-002,5.000000E-002,5.000000E-002,5.000000E-002,5.000000E-002,5.000000E-002,5.000000E-002,5.000000E-002,5.000000E-002,5.000000E-002,5.000000E-002,5.000000E-002,5.000000E-002,5.000000E-002,5.000000E-002,5.000000E-002,5.000000E-002,5.000000E-002,5.000000E-002,5.000000E-002,5.000000E-002,5.000000E-002,5.000000E-002,5.000000E-002,5.000000E-002,5.000000E-002,5.000000E-002,5.000000E-002,5.000000E-002,5.000000E-002,5.000000E-002,5.000000E-002,5.000000E-002,5.000000E-002,5.000000E-002,5.000000E-002,5.000000E-002,5.000000E-002,5.000000E-002,5.000000E-002,5.000000E-002,5.000000E-002,5.000000E-002,5.000000E-002,5.000000E-002,5.000000E-002,5.000000E-002,5.000000E-002,5.000000E-002,5.000000E-002,5.000000E-002,5.000000E-002,5.000000E-002,5.000000E-002,5.000000E-002,5.000000E-002,5.000000E-002,5.000000E-002,5.000000E-002,5.000000E-002,5.000000E-002,5.000000E-002,5.000000E-002,5.000000E-002,5.000000E-002,5.000000E-002,5.000000E-002,5.000000E-002,5.000000E-002,5.000000E-002,5.000000E-002,5.000000E-002,5.000000E-002
4.999945E-002,4.999948E-002,4.999956E-002,4.999967E-002,4.999978E-002,4.999986E-002,4.999993E-002,4.999996E-002,4.999998E-002,4.999999E-002,5.000000E-002,5.000000E-002,5.000000E-002,5.000000E-002,5.000000E-002,5.000000E-002,5.000000E-002,5.000000E-002,5.000000E-002,5.000000E-002,5.000000E-002,5.000000E-002,5.000000E-002,5.000000E-002,5.000000E-002,5.000000E-002,5.000000E-002,5.000000E-002,5.000000E-002,5.000000E-002,5.000000E-002,5.000000E-002,5.000000E-002,5.000000E-002,5.000000E-002,5.000000E-002,5.000000E-002,5.000000E-002,5.000000E-002,5.000000E-002,5.000000E-002,5.000000E-002,5.000000E-002,5.000000E-002,5.000000E-002,5.000000E-002,5.000000E-002,5.000000E-002,5.000000E-002,5.000000E-002,5.000000E-002,5.000000E-002,5.000000E-002,5.000000E-002,5.000000E-002,5.000000E-002,5.000000E-002,5.000000E-002,5.000000E-002,5.000000E-002,5.000000E-002,5.000000E-002,5.000000E-002,5.000000E-002,5.000000E-002,5.000000E-002,5.000000E-002,5.000000E-002,5.000000E-002,5.000000E-002,5.000000E-002,5.000000E-002,5.000000E-002,5.000000E-002,5.000000E-002,5.000000E-002,5.000000E-002,5.000000E-002,5.000000E-002,5.000000E-002,5.000000E-002,5.000000E-002,5.000000E-002,5.000000E-002,5.000000E-002,5.000000E-002,5.000000E-002,5.000000E-002,5.000000E-002,5.000000E-002,5.000000E-002,5.000000E-002,5.000000E-002,5.000000E-002,5.000000E-002,5.000000E-002,5.000000E-002,5.000000E-002,5.000000E-002,5.000000E-002,5.000000E-002,5.000000E-002,5.000000E-002,5.000000E-002,5.000000E-002,5.000000E-002,5.000000E-002,5.000000E-002,5.000000E-002,5.000000E-002,5.000000E-002,5.000000E-002,5.000000E-002,5.000000E-002,5.000000E-002,5.000000E-002,5.000000E-002,5.000000E-002,5.000000E-002,5.000000E-002,5.000000E-002,5.000000E-002,5.000000E-002,5.000000E-002,5.000000E-002,5.000000E-002,5.000000E-002,5.000000E-002
4.999755E-002,4.999768E-002,4.999804E-002,4.999852E-002,4.999899E-002,4.999939E-002,4.999967E-002,4.999984E-002,4.999993E-002,4.999997E-002,4.999999E-002,5.000000E-002,5.000000E-002,5.000000E-002,5.000000E-002,5.000000E-002,5.000000E-002,5.000000E-002,5.000000E-002,5.000000E-002,5.000000E-002,5.000000E-002,5.000000E-002,5.000000E-002,5.000000E-002,5.000000E-002,5.000000E-002,5.000000E-002,5.000000E-002,5.000000E-002,5.000000E-002,5.000000E-002,5.000000E-002,5.000000E-002,5.000000E-002,5.000000E-002,5.000000E-002,5.000000E-002,5.000000E-002,5.000000E-002,5.000000E-002,5.000000E-002,5.000000E-002,5.000000E-002,5.000000E-002,5.000000E-002,5.000000E-002,5.000000E-002,5.000000E-002,5.000000E-002,5.000000E-002,5.000000E-002,5.000000E-002,5.000000E-002,5.000000E-002,5.000000E-002,5.000000E-002,5.000000E-002,5.000000E-002,5.000000E-002,5.000000E-002,5.000000E-002,5.000000E-002,5.000000E-002,5.000000E-002,5.000000E-002,5.000000E-002,5.000000E-002,5.000000E-002,5.000000E-002,5.000000E-002,5.000000E-002,5.000000E-002,5.000000E-002,5.000000E-002,5.000000E-002,5.000000E-002,5.000000E-002,5.000000E-002,5.000000E-002,5.000000E-002,5.000000E-002,5.000000E-002,5.000000E-002,5.000000E-002,5.000000E-002,5.000000E-002,5.000000E-002,5.000000E-002,5.000000E-002,5.000000E-002,5.000000E-002,5.000000E-002,5.000000E-002,5.000000E-002,5.000000E-002,5.000000E-002,5.000000E-002,5.000000E-002,5.000000E-002,5.000000E-002,5.000000E-002,5.000000E-002,5.000000E-002,5.000000E-002,5.000000E-002,5.000000E-002,5.000000E-002,5.000000E-002,5.000000E-002,5.000000E-002,5.000000E-002,5.000000E-002,5.000000E-002,5.000000E-002,5.000000E-002,5.000000E-002,5.000000E-002,5.000000E-002,5.000000E-002,5.000000E-002,5.000000E-002,5.000000E-002,5.000000E-002,5.000000E-002,5.000000E-002,5.000000E-002,5.000000E-002
4.999018E-002,4.999071E-002,4.999214E-002,4.999405E-002,4.999596E-002,4.999755E-002,4.999867E-002,4.999935E-002,4.999972E-002,4.999989E-002,4.999996E-002,4.999999E-002,5.000000E-002,5.000000E-002,5.000000E-002,5.000000E-002,5.000000E-002,5.000000E-002,5.000000E-002,5.000000E-002,5.000000E-002,5.000000E-002,5.000000E-002,5.000000E-002,5.000000E-002,5.000000E-002,5.000000E-002,5.000000E-002,5.000000E-002,5.000000E-002,5.000000E-002,5.000000E-002,5.000000E-002,5.000000E-002,5.000000E-002,5.000000E-002,5.000000E-002,5.000000E-002,5.000000E-002,5.000000E-002,5.000000E-002,5.000000E-002,5.000000E-002,5.000000E-002,5.000000E-002,5.000000E-002,5.000000E-002,5.000000E-002,5.000000E-002,5.000000E-002,5.000000E-002,5.000000E-002,5.000000E-002,5.000000E-002,5.000000E-002,5.000000E-002,5.000000E-002,5.000000E-002,5.000000E-002,5.000000E-002,5.000000E-002,5.000000E-002,5.000000E-002,5.000000E-002,5.000000E-002,5.000000E-002,5.000000E-002,5.000000E-002,5.000000E-002,5.000000E-002,5.000000E-002,5.000000E-002,5.000000E-002,5.000000E-002,5.000000E-002,5.000000E-002,5.000000E-002,5.000000E-002,5.000000E-002,5.000000E-002,5.000000E-002,5.000000E-002,5.000000E-002,5.000000E-002,5.000000E-002,5.000000E-002,5.000000E-002,5.000000E-002,5.000000E-002,5.000000E-002,5.000000E-002,5.000000E-002,5.000000E-002,5.000000E-002,5.000000E-002,5.000000E-002,5.000000E-002,5.000000E-002,5.000000E-002,5.000000E-002,5.000000E-002,5.000000E-002,5.000000E-002,5.000000E-002,5.000000E-002,5.000000E-002,5.000000E-002,5.000000E-002,5.000000E-002,5.000000E-002,5.000000E-002,5.000000E-002,5.000000E-002,5.000000E-002,5.000000E-002,5.000000E-002,5.000000E-002,5.000000E-002,5.000000E-002,5.000000E-002,5.000000E-002,5.000000E-002,5.000000E-002,5.000000E-002,5.000000E-002,5.000000E-002,5.000000E-002,5.000000E-002
4.996477E-002,4.996668E-002,4.997179E-002,4.997863E-002,4.998552E-002,4.999122E-002,4.999523E-002,4.999768E-002,4.999899E-002,4.999961E-002,4.999986E-002,4.999996E-002,4.999999E-002,5.000000E-002,5.000000E-002,5.000000E-002,5.000000E-002,5.000000E-002,5.000000E-002,5.000000E-002,5.000000E-002,5.000000E-002,5.000000E-002,5.000000E-002,5.000000E-002,5.000000E-002,5.000000E-002,5.000000E-002,5.000000E-002,5.000000E-002,5.000000E-002,5.000000E-002,5.000000E-002,5.000000E-002,5.000000E-002,5.000000E-002,5.000000E-002,5.000000E-002,5.000000E-002,5.000000E-002,5.000000E-002,5.000000E-002,5.000000E-002,5.000000E-002,5.000000E-002,5.000000E-002,5.000000E-002,5.000000E-002,5.000000E-002,5.000000E-002,5.000000E-002,5.000000E-002,5.000000E-002,5.000000E-002,5.000000E-002,5.000000E-002,5.000000E-002,5.000000E-002,5.000000E-002,5.000000E-002,5.000000E-002,5.000000E-002,5.000000E-002,5.000000E-002,5.000000E-002,5.000000E-002,5.000000E-002,5.000000E-002,5.000000E-002,5.000000E-002,5.000000E-002,5.000000E-002,5.000000E-002,5.000000E-002,5.000000E-002,5.000000E-002,5.000000E-002,5.000000E-002,5.000000E-002,5.000000E-002,5.000000E-002,5.000000E-002,5.000000E-002,5.000000E-002,5.000000E-002,5.000000E-002,5.000000E-002,5.000000E-002,5.000000E-002,5.000000E-002,5.000000E-002,5.000000E-002,5.000000E-002,5.000000E-002,5.000000E-002,5.000000E-002,5.000000E-002,5.000000E-002,5.000000E-002,5.000000E-002,5.000000E-002,5.000000E-002,5.000000E-002,5.000000E-002,5.000000E-002,5.000000E-002,5.000000E-002,5.000000E-002,5.000000E-002,5.000000E-002,5.000000E-002,5.000000E-002,5.000000E-002,5.000000E-002,5.000000E-002,5.000000E-002,5.000000E-002,5.000000E-002,5.000000E-002,5.000000E-002,5.000000E-002,5.000000E-002,5.000000E-002,5.000000E-002,5.000000E-002,5.000000E-002,5.000000E-002,5.000000E-002
4.988688E-002,4.989299E-002,4.990942E-002,4.993139E-002,4.995350E-002,4.997179E-002,4.998469E-002,4.999256E-002,4.999677E-002,4.999874E-002,4.999956E-002,4.999986E-002,4.999996E-002,4.999999E-002,5.000000E-002,5.000000E-002,5.000000E-002,5.000000E-002,5.000000E-002,5.000000E-002,5.000000E-002,5.000000E-002,5.000000E-002,5.000000E-002,5.000000E-002,5.000000E-002,5.000000E-002,5.000000E-002,5.000000E-002,5.000000E-002,5.000000E-002,5.000000E-002,5.000000E-002,5.000000E-002,5.000000E-002,5.000000E-002,5.000000E-002,5.000000E-002,5.000000E-002,5.000000E-002,5.000000E-002,5.000000E-002,5.000000E-002,5.000000E-002,5.000000E-002,5.000000E-002,5.000000E-002,5.000000E-002,5.000000E-002,5.000000E-002,5.000000E-002,5.000000E-002,5.000000E-002,5.000000E-002,5.000000E-002,5.000000E-002,5.000000E-002,5.000000E-002,5.000000E-002,5.000000E-002,5.000000E-002,5.000000E-002,5.000000E-002,5.000000E-002,5.000000E-002,5.000000E-002,5.000000E-002,5.000000E-002,5.000000E-002,5.000000E-002,5.000000E-002,5.000000E-002,5.000000E-002,5.000000E-002,5.000000E-002,5.000000E-002,5.000000E-002,5.000000E-002,5.000000E-002,5.000000E-002,5.000000E-002,5.000000E-002,5.000000E-002,5.000000E-002,5.000000E-002,5.000000E-002,5.000000E-002,5.000000E-002,5.000000E-002,5.000000E-002,5.000000E-002,5.000000E-002,5.000000E-002,5.000000E-002,5.000000E-002,5.000000E-002,5.000000E-002,5.000000E-002,5.000000E-002,5.000000E-002,5.000000E-002,5.000000E-002,5.000000E-002,5.000000E-002,5.000000E-002,5.000000E-002,5.000000E-002,5.000000E-002,5.000000E-002,5.000000E-002,5.000000E-002,5.000000E-002,5.000000E-002,5.000000E-002,5.000000E-002,5.000000E-002,5.000000E-002,5.000000E-002,5.000000E-002,5.000000E-002,5.000000E-002,5.000000E-002,5.000000E-002,5.000000E-002,5.000000E-002,5.000000E-002,5.000000E-002,5.000000E-002
4.967495E-002,4.969251E-002,4.973972E-002,4.980284E-002,4.986637E-002,4.991895E-002,4.995601E-002,4.997863E-002,4.999071E-002,4.999639E-002,4.999874E-002,4.999961E-002,4.999989E-002,4.999997E-002,4.999999E-002,5.000000E-002,5.000000E-002,5.000000E-002,5.000000E-002,5.000000E-002,5.000000E-002,5.000000E-002,5.000000E-002,5.000000E-002,5.000000E-002,5.000000E-002,5.000000E-002,5.000000E-002,5.000000E-002,5.000000E-002,5.000000E-002,5.000000E-002,5.000000E-002,5.000000E-002,5.000000E-002,5.000000E-002,5.000000E-002,5.000000E-002,5.000000E-002,5.000000E-002,5.000000E-002,5.000000E-002,5.000000E-002,5.000000E-002,5.000000E-002,5.000000E-002,5.000000E-002,5.000000E-002,5.000000E-002,5.000000E-002,5.000000E-002,5.000000E-002,5.000000E-002,5.000000E-002,5.000000E-002,5.000000E-002,5.000000E-002,5.000000E-002,5.000000E-002,5.000000E-002,5.000000E-002,5.000000E-002,5.000000E-002,5.000000E-002,5.000000E-002,5.000000E-002,5.000000E-002,5.000000E-002,5.000000E-002,5.000000E-002,5.000000E-002,5.000000E-002,5.000000E-002,5.000000E-002,5.000000E-002,5.000000E-002,5.000000E-002,5.000000E-002,5.000000E-002,5.000000E-002,5.000000E-002,5.000000E-002,5.000000E-002,5.000000E-002,5.000000E-002,5.000000E-002,5.000000E-002,5.000000E-002,5.000000E-002,5.000000E-002,5.000000E-002,5.000000E-002,5.000000E-002,5.000000E-002,5.000000E-002,5.000000E-002,5.000000E-002,5.000000E-002,5.000000E-002,5.000000E-002,5.000000E-002,5.000000E-002,5.000000E-002,5.000000E-002,5.000000E-002,5.000000E-002,5.000000E-002,5.000000E-002,5.000000E-002,5.000000E-002,5.000000E-002,5.000000E-002,5.000000E-002,5.000000E-002,5.000000E-002,5.000000E-002,5.000000E-002,5.000000E-002,5.000000E-002,5.000000E-002,5.000000E-002,5.000000E-002,5.000000E-002,5.000000E-002,5.000000E-002,5.000000E-002,5.000000E-002,5.000000E-002
4.916416E-002,4.920933E-002,4.933071E-002,4.949304E-002,4.965638E-002,4.979158E-002,4.988688E-002,4.994506E-002,4.997612E-002,4.999071E-002,4.999677E-002,4.999899E-002,4.999972E-002,4.999993E-002,4.999998E-002,5.000000E-002,5.000000E-002,5.000000E-002,5.000000E-002,5.000000E-002,5.000000E-002,5.000000E-002,5.000000E-002,5.000000E-002,5.000000E-002,5.000000E-002,5.000000E-002,5.000000E-002,5.000000E-002,5.000000E-002,5.000000E-002,5.000000E-002,5.000000E-002,5.000000E-002,5.000000E-002,5.000000E-002,5.000000E-002,5.000000E-002,5.000000E-002,5.000000E-002,5.000000E-002,5.000000E-002,5.000000E-002,5.000000E-002,5.000000E-002,5.000000E-002,5.000000E-002,5.000000E-002,5.000000E-002,5.000000E-002,5.000000E-002,5.000000E-002,5.000000E-002,5.000000E-002,5.000000E-002,5.000000E-002,5.000000E-002,5.000000E-002,5.000000E-002,5.000000E-002,5.000000E-002,5.000000E-002,5.000000E-002,5.000000E-002,5.000000E-002,5.000000E-002,5.000000E-002,5.000000E-002,5.000000E-002,5.000000E-002,5.000000E-002,5.000000E-002,5.000000E-002,5.000000E-002,5.000000E-002,5.000000E-002,5.000000E-002,5.000000E-002,5.000000E-002,5.000000E-002,5.000000E-002,5.000000E-002,5.000000E-002,5.000000E-002,5.000000E-002,5.000000E-002,5.000000E-002,5.000000E-002,5.000000E-002,5.000000E-002,5.000000E-002,5.000000E-002,5.000000E-002,5.000000E-002,5.000000E-002,5.000000E-002,5.000000E-002,5.000000E-002,5.000000E-002,5.000000E-002,5.000000E-002,5.000000E-002,5.000000E-002,5.000000E-002,5.000000E-002,5.000000E-002,5.000000E-002,5.000000E-002,5.000000E-002,5.000000E-002,5.000000E-002,5.000000E-002,5.000000E-002,5.000000E-002,5.000000E-002,5.000000E-002,5.000000E-002,5.000000E-002,5.000000E-002,5.000000E-002,5.000000E-002,5.000000E-002,5.000000E-002,5.000000E-002,5.000000E-002,5.000000E-002,5.000000E-002,5.000000E-002
4.807676E-002,4.818069E-002,4.845999E-002,4.883349E-002,4.920933E-002,4.952044E-002,4.973972E-002,4.987359E-002,4.994506E-002,4.997863E-002,4.999256E-002,4.999768E-002,4.999935E-002,4.999984E-002,4.999996E-002,4.999999E-002,5.000000E-002,5.000000E-002,5.000000E-002,5.000000E-002,5.000000E-002,5.000000E-002,5.000000E-002,5.000000E-002,5.000000E-002,5.000000E-002,5.000000E-002,5.000000E-002,5.000000E-002,5.000000E-002,5.000000E-002,5.000000E-002,5.000000E-002,5.000000E-002,5.000000E-002,5.000000E-002,5.000000E-002,5.000000E-002,5.000000E-002,5.000000E-002,5.000000E-002,5.000000E-002,5.000000E-002,5.000000E-002,5.000000E-002,5.000000E-002,5.000000E-002,5.000000E-002,5.000000E-002,5.000000E-002,5.000000E-002,5.000000E-002,5.000000E-002,5.000000E-002,5.000000E-002,5.000000E-002,5.000000E-002,5.000000E-002,5.000000E-002,5.000000E-002,5.000000E-002,5.000000E-002,5.000000E-002,5.000000E-002,5.000000E-002,5.000000E-002,5.000000E-002,5.000000E-002,5.000000E-002,5.000000E-002,5.000000E-002,5.000000E-002,5.000000E-002,5.000000E-002,5.000000E-002,5.000000E-002,5.000000E-002,5.000000E-002,5.000000E-002,5.000000E-002,5.000000E-002,5.000000E-002,5.000000E-002,5.000000E-002,5.000000E-002,5.000000E-002,5.000000E-002,5.000000E-002,5.000000E-002,5.000000E-002,5.000000E-002,5.000000E-002,5.000000E-002,5.000000E-002,5.000000E-002,5.000000E-002,5.000000E-002,5.000000E-002,5.000000E-002,5.000000E-002,5.000000E-002,5.000000E-002,5.000000E-002,5.000000E-002,5.000000E-002,5.000000E-002,5.000000E-002,5.000000E-002,5.000000E-002,5.000000E-002,5.000000E-002,5.000000E-002,5.000000E-002,5.000000E-002,5.000000E-002,5.000000E-002,5.000000E-002,5.000000E-002,5.000000E-002,5.000000E-002,5.000000E-002,5.000000E-002,5.000000E-002,5.000000E-002,5.000000E-002,5.000000E-002,5.000000E-002,5.000000E-002
4.604004E-002,4.625403E-002,4.682911E-002,4.759816E-002,4.837201E-002,4.901257E-002,4.946408E-002,4.973972E-002,4.988688E-002,4.995601E-002,4.998469E-002,4.999523E-002,4.999867E-002,4.999967E-002,4.999993E-002,4.999999E-002,5.000000E-002,5.000000E-002,5.000000E-002,5.000000E-002,5.000000E-002,5.000000E-002,5.000000E-002,5.000000E-002,5.000000E-002,5.000000E-002,5.000000E-002,5.000000E-002,5.000000E-002,5.000000E-002,5.000000E-002,5.000000E-002,5.000000E-002,5.000000E-002,5.000000E-002,5.000000E-002,5.000000E-002,5.000000E-002,5.000000E-002,5.000000E-002,5.000000E-002,5.000000E-002,5.000000E-002,5.000000E-002,5.000000E-002,5.000000E-002,5.000000E-002,5.000000E-002,5.000000E-002,5.000000E-002,5.000000E-002,5.000000E-002,5.000000E-002,5.000000E-002,5.000000E-002,5.000000E-002,5.000000E-002,5.000000E-002,5.000000E-002,5.000000E-002,5.000000E-002,5.000000E-002,5.000000E-002,5.000000E-002,5.000000E-002,5.000000E-002,5.000000E-002,5.000000E-002,5.000000E-002,5.000000E-002,5.000000E-002,5.000000E-002,5.000000E-002,5.000000E-002,5.000000E-002,5.000000E-002,5.000000E-002,5.000000E-002,5.000000E-002,5.000000E-002,5.000000E-002,5.000000E-002,5.000000E-002,5.000000E-002,5.000000E-002,5.000000E-002,5.000000E-002,5.000000E-002,5.000000E-002,5.000000E-002,5.000000E-002,5.000000E-002,5.000000E-002,5.000000E-002,5.000000E-002,5.000000E-002,5.000000E-002,5.000000E-002,5.000000E-002,5.000000E-002,5.000000E-002,5.000000E-002,5.000000E-002,5.000000E-002,5.000000E-002,5.000000E-002,5.000000E-002,5.000000E-002,5.000000E-002,5.000000E-002,5.000000E-002,5.000000E-002,5.000000E-002,5.000000E-002,5.000000E-002,5.000000E-002,5.000000E-002,5.000000E-002,5.000000E-002,5.000000E-002,5.000000E-002,5.000000E-002,5.000000E-002,5.000000E-002,5.000000E-002,5.000000E-002,5.000000E-002,5.000000E-002
4.270385E-002,4.309814E-002,4.415770E-002,4.557466E-002,4.700046E-002,4.818069E-002,4.901257E-002,4.952044E-002,4.979158E-002,4.991895E-002,4.997179E-002,4.999122E-002,4.999755E-002,4.999939E-002,4.999986E-002,4.999997E-002,5.000000E-002,5.000000E-002,5.000000E-002,5.000000E-002,5.000000E-002,5.000000E-002,5.000000E-002,5.000000E-002,5.000000E-002,5.000000E-002,5.000000E-002,5.000000E-002,5.000000E-002,5.000000E-002,5.000000E-002,5.000000E-002,5.000000E-002,5.000000E-002,5.000000E-002,5.000000E-002,5.000000E-002,5.000000E-002,5.000000E-002,5.000000E-002,5.000000E-002,5.000000E-002,5.000000E-002,5.000000E-002,5.000000E-002,5.000000E-002,5.000000E-002,5.000000E-002,5.000000E-002,5.000000E-002,5.000000E-002,5.000000E-002,5.000000E-002,5.000000E-002,5.000000E-002,5.000000E-002,5.000000E-002,5.000000E-002,5.000000E-002,5.000000E-002,5.000000E-002,5.000000E-002,5.000000E-002,5.000000E-002,5.000000E-002,5.000000E-002,5.000000E-002,5.000000E-002,5.000000E-002,5.000000E-002,5.000000E-002,5.000000E-002,5.000000E-002,5.000000E-002,5.000000E-002,5.000000E-002,5.000000E-002,5.000000E-002,5.000000E-002,5.000000E-002,5.000000E-002,5.000000E-002,5.000000E-002,5.000000E-002,5.000000E-002,5.000000E-002,5.000000E-002,5.000000E-002,5.000000E-002,5.000000E-002,5.000000E-002,5.000000E-002,5.000000E-002,5.000000E-002,5.000000E-002,5.000000E-002,5.000000E-002,5.000000E-002,5.000000E-002,5.000000E-002,5.000000E-002,5.000000E-002,5.000000E-002,5.000000E-002,5.000000E-002,5.000000E-002,5.000000E-002,5.000000E-002,5.000000E-002,5.000000E-002,5.000000E-002,5.000000E-002,5.000000E-002,5.000000E-002,5.000000E-002,5.000000E-002,5.000000E-002,5.000000E-002,5.000000E-002,5.000000E-002,5.000000E-002,5.000000E-002,5.000000E-002,5.000000E-002,5.000000E-002,5.000000E-002,5.000000E-002,5.000000E-002
3.797069E-002,3.862076E-002,4.036768E-002,4.270385E-002,4.505460E-002,4.700046E-002,4.837201E-002,4.920933E-002,4.965638E-002,4.986637E-002,4.995350E-002,4.998552E-002,4.999596E-002,4.999899E-002,4.999978E-002,4.999996E-002,4.999999E-002,5.000000E-002,5.000000E-002,5.000000E-002,5.000000E-002,5.000000E-002,5.000000E-002,5.000000E-002,5.000000E-002,5.000000E-002,5.000000E-002,5.000000E-002,5.000000E-002,5.000000E-002,5.000000E-002,5.000000E-002,5.000000E-002,5.000000E-002,5.000000E-002,5.000000E-002,5.000000E-002,5.000000E-002,5.000000E-002,5.000000E-002,5.000000E-002,5.000000E-002,5.000000E-002,5.000000E-002,5.000000E-002,5.000000E-002,5.000000E-002,5.000000E-002,5.000000E-002,5.000000E-002,5.000000E-002,5.000000E-002,5.000000E-002,5.000000E-002,5.000000E-002,5.000000E-002,5.000000E-002,5.000000E-002,5.000000E-002,5.000000E-002,5.000000E-002,5.000000E-002,5.000000E-002,5.000000E-002,5.000000E-002,5.000000E-002,5.000000E-002,5.000000E-002,5.000000E-002,5.000000E-002,5.000000E-002,5.000000E-002,5.000000E-002,5.000000E-002,5.000000E-002,5.000000E-002,5.000000E-002,5.000000E-002,5.000000E-002,5.000000E-002,5.000000E-002,5.000000E-002,5.000000E-002,5.000000E-002,5.000000E-002,5.000000E-002,5.000000E-002,5.000000E-002,5.000000E-002,5.000000E-002,5.000000E-002,5.000000E-002,5.000000E-002,5.000000E-002,5.000000E-002,5.000000E-002,5.000000E-002,5.000000E-002,5.000000E-002,5.000000E-002,5.000000E-002,5.000000E-002,5.000000E-002,5.000000E-002,5.000000E-002,5.000000E-002,5.000000E-002,5.000000E-002,5.000000E-002,5.000000E-002,5.000000E-002,5.000000E-002,5.000000E-002,5.000000E-002,5.000000E-002,5.000000E-002,5.000000E-002,5.000000E-002,5.000000E-002,5.000000E-002,5.000000E-002,5.000000E-002,5.000000E-002,5.000000E-002,5.000000E-002,5.000000E-002,5.000000E-002,5.000000E-002
3.225267E-002,3.321174E-002,3.578905E-002,3.923570E-002,4.270385E-002,4.557466E-002,4.759816E-002,4.883349E-002,4.949304E-002,4.980284E-002,4.993139E-002,4.997863E-002,4.999405E-002,4.999852E-002,4.999967E-002,4.999993E-002,4.999999E-002,5.000000E-002,5.000000E-002,5.000000E-002,5.000000E-002,5.000000E-002,5.000000E-002,5.000000E-002,5.000000E-002,5.000000E-002,5.000000E-002,5.000000E-002,5.000000E-002,5.000000E-002,5.000000E-002,5.000000E-002,5.000000E-002,5.000000E-002,5.000000E-002,5.000000E-002,5.000000E-002,5.000000E-002,5.000000E-002,5.000000E-002,5.000000E-002,5.000000E-002,5.000000E-002,5.000000E-002,5.000000E-002,5.000000E-002,5.000000E-002,5.000000E-002,5.000000E-002,5.000000E-002,5.000000E-002,5.000000E-002,5.000000E-002,5.000000E-002,5.000000E-002,5.000000E-002,5.000000E-002,5.000000E-002,5.000000E-002,5.000000E-002,5.000000E-002,5.000000E-002,5.000000E-002,5.000000E-002,5.000000E-002,5.000000E-002,5.000000E-002,5.000000E-002,5.000000E-002,5.000000E-002,5.000000E-002,5.000000E-002,5.000000E-002,5.000000E-002,5.000000E-002,5.000000E-002,5.000000E-002,5.000000E-002,5.000000E-002,5.000000E-002,5.000000E-002,5.000000E-002,5.000000E-002,5.000000E-002,5.000000E-002,5.000000E-002,5.000000E-002,5.000000E-002,5.000000E-002,5.000000E-002,5.000000E-002,5.000000E-002,5.000000E-002,5.000000E-002,5.000000E-002,5.000000E-002,5.000000E-002,5.000000E-002,5.000000E-002,5.000000E-002,5.000000E-002,5.000000E-002,5.000000E-002,5.000000E-002,5.000000E-002,5.000000E-002,5.000000E-002,5.000000E-002,5.000000E-002,5.000000E-002,5.000000E-002,5.000000E-002,5.000000E-002,5.000000E-002,5.000000E-002,5.000000E-002,5.000000E-002,5.000000E-002,5.000000E-002,5.000000E-002,5.000000E-002,5.000000E-002,5.000000E-002,5.000000E-002,5.000000E-002,5.000000E-002,5.000000E-002,5.000000E-002
2.657010E-002,2.783627E-002,3.123880E-002,3.578905E-002,4.036768E-002,4.415770E-002,4.682911E-002,4.845999E-002,4.933071E-002,4.973972E-002,4.990942E-002,4.997179E-002,4.999214E-002,4.999804E-002,4.999956E-002,4.999991E-002,4.999998E-002,5.000000E-002,5.000000E-002,5.000000E-002,5.000000E-002,5.000000E-002,5.000000E-002,5.000000E-002,5.000000E-002,5.000000E-002,5.000000E-002,5.000000E-002,5.000000E-002,5.000000E-002,5.000000E-002,5.000000E-002,5.000000E-002,5.000000E-002,5.000000E-002,5.000000E-002,5.000000E-002,5.000000E-002,5.000000E-002,5.000000E-002,5.000000E-002,5.000000E-002,5.000000E-002,5.000000E-002,5.000000E-002,5.000000E-002,5.000000E-002,5.000000E-002,5.000000E-002,5.000000E-002,5.000000E-002,5.000000E-002,5.000000E-002,5.000000E-002,5.000000E-002,5.000000E-002,5.000000E-002,5.000000E-002,5.000000E-002,5.000000E-002,5.000000E-002,5.000000E-002,5.000000E-002,5.000000E-002,5.000000E-002,5.000000E-002,5.000000E-002,5.000000E-002,5.000000E-002,5.000000E-002,5.000000E-002,5.000000E-002,5.000000E-002,5.000000E-002,5.000000E-002,5.000000E-002,5.000000E-002,5.000000E-002,5.000000E-002,5.000000E-002,5.000000E-002,5.000000E-002,5.000000E-002,5.000000E-002,5.000000E-002,5.000000E-002,5.000000E-002,5.000000E-002,5.000000E-002,5.000000E-002,5.000000E-002,5.000000E-002,5.000000E-002,5.000000E-002,5.000000E-002,5.000000E-002,5.000000E-002,5.000000E-002,5.000000E-002,5.000000E-002,5.000000E-002,5.000000E-002,5.000000E-002,5.000000E-002,5.000000E-002,5.000000E-002,5.000000E-002,5.000000E-002,5.000000E-002,5.000000E-002,5.000000E-002,5.000000E-002,5.000000E-002,5.000000E-002,5.000000E-002,5.000000E-002,5.000000E-002,5.000000E-002,5.000000E-002,5.000000E-002,5.000000E-002,5.000000E-002,5.000000E-002,5.000000E-002,5.000000E-002,5.000000E-002,5.000000E-002,5.000000E-002
2.232084E-002,2.381664E-002,2.783627E-002,3.321174E-002,3.862076E-002,4.309814E-002,4.625403E-002,4.818069E-002,4.920933E-002,4.969251E-002,4.989299E-002,4.996668E-002,4.999071E-002,4.999768E-002,4.999948E-002,4.999990E-002,4.999998E-002,5.000000E-002,5.000000E-002,5.000000E-002,5.000000E-002,5.000000E-002,5.000000E-002,5.000000E-002,5.000000E-002,5.000000E-002,5.000000E-002,5.000000E-002,5.000000E-002,5.000000E-002,5.000000E-002,5.000000E-002,5.000000E-002,5.000000E-002,5.000000E-002,5.000000E-002,5.000000E-002,5.000000E-002,5.000000E-002,5.000000E-002,5.000000E-002,5.000000E-002,5.000000E-002,5.000000E-002,5.000000E-002,5.000000E-002,5.000000E-002,5.000000E-002,5.000000E-002,5.000000E-002,5.000000E-002,5.000000E-002,5.000000E-002,5.000000E-002,5.000000E-002,5.000000E-002,5.000000E-002,5.000000E-002,5.000000E-002,5.000000E-002,5.000000E-002,5.000000E-002,5.000000E-002,5.000000E-002,5.000000E-002,5.000000E-002,5.000000E-002,5.000000E-002,5.000000E-002,5.000000E-002,5.000000E-002,5.000000E-002,5.000000E-002,5.000000E-002,5.000000E-002,5.000000E-002,5.000000E-002,5.000000E-002,5.000000E-002,5.000000E-002,5.000000E-002,5.000000E-002,5.000000E-002,5.000000E-002,5.000000E-002,5.000000E-002,5.000000E-002,5.000000E-002,5.000000E-002,5.000000E-002,5.000000E-002,5.000000E-002,5.000000E-002,5.000000E-002,5.000000E-002,5.000000E-002,5.000000E-002,5.000000E-002,5.000000E-002,5.000000E-002,5.000000E-002,5.000000E-002,5.000000E-002,5.000000E-002,5.000000E-002,5.000000E-002,5.000000E-002,5.000000E-002,5.000000E-002,5.000000E-002,5.000000E-002,5.000000E-002,5.000000E-002,5.000000E-002,5.000000E-002,5.000000E-002,5.000000E-002,5.000000E-002,5.000000E-002,5.000000E-002,5.000000E-002,5.000000E-002,5.000000E-002,5.000000E-002,5.000000E-002,5.000000E-002,5.000000E-002,5.000000E-002
2.073960E-002,2.232084E-002,2.657010E-002,3.225267E-002,3.797069E-002,4.270385E-002,4.604004E-002,4.807676E-002,4.916416E-002,4.967495E-002,4.988688E-002,4.996477E-002,4.999018E-002,4.999755E-002,4.999945E-002,4.999989E-002,4.999998E-002,5.000000E-002,5.000000E-002,5.000000E-002,5.000000E-002,5.000000E-002,5.000000E-002,5.000000E-002,5.000000E-002,5.000000E-002,5.000000E-002,5.000000E-002,5.000000E-002,5.000000E-002,5.000000E-002,5.000000E-002,5.000000E-002,5.000000E-002,5.000000E-002,5.000000E-002,5.000000E-002,5.000000E-002,5.000000E-002,5.000000E-002,5.000000E-002,5.000000E-002,5.000000E-002,5.000000E-002,5.000000E-002,5.000000E-002,5.000000E-002,5.000000E-002,5.000000E-002,5.000000E-002,5.000000E-002,5.000000E-002,5.000000E-002,5.000000E-002,5.000000E-002,5.000000E-002,5.000000E-002,5.000000E-002,5.000000E-002,5.000000E-002,5.000000E-002,5.000000E-002,5.000000E-002,5.000000E-002,5.000000E-002,5.000000E-002,5.000000E-002,5.000000E-002,5.000000E-002,5.000000E-002,5.000000E-002,5.000000E-002,5.000000E-002,5.000000E-002,5.000000E-002,5.000000E-002,5.000000E-002,5.000000E-002,5.000000E-002,5.000000E-002,5.000000E-002,5.000000E-002,5.000000E-002,5.000000E-002,5.000000E-002,5.000000E-002,5.000000E-002,5.000000E-002,5.000000E-002,5.000000E-002,5.000000E-002,5.000000E-002,5.000000E-002,5.000000E-002,5.000000E-002,5.000000E-002,5.000000E-002,5.000000E-002,5.000000E-002,5.000000E-002,5.000000E-002,5.000000E-002,5.000000E-002,5.000000E-002,5.000000E-002,5.000000E-002,5.000000E-002,5.000000E-002,5.000000E-002,5.000000E-002,5.000000E-002,5.000000E-002,5.000000E-002,5.000000E-002,5.000000E-002,5.000000E-002,5.000000E-002,5.000000E-002,5.000000E-002,5.000000E-002,5.000000E-002,5.000000E-002,5.000000E-002,5.000000E-002,5.000000E-002,5.000000E-002,5.000000E-002,5.000000E-002
